date,title,name,id,message
"2014-10-04 9:59:09"," ",,642742669,"… "
"2014-10-06 11:20:53"," ",,105904447,"节日快乐~~~~~~[表情] "
"2014-10-06 11:21:46"," ",,506162630,"快结束了。。。。 "
"2014-10-06 11:21:58"," ",,105904447,"我已经上了半天班了 "
"2014-10-06 11:22:11"," ",,506162630,"恭喜你 "
"2014-10-06 11:22:15"," ",,105904447,"竟然碰到熊孩子把现场的服务器给关了。 "
"2014-10-06 11:22:43"," ",,105904447,"一万个草泥马在奔腾着 准备去吃中饭 "
"2014-10-06 11:23:04"," ",,506162630,"我也准备吃饭去了 "
"2014-10-06 11:23:14"," ",,105904447,"[图片] "
"2014-10-06 11:23:19"," ",,105904447,"吃饭让我觉得精力充沛 "
"2014-10-06 11:23:24"," ",,105904447,"尤其是公司报销的时候 "
"2014-10-06 23:35:15"," ",,506162630,"http://www.tuicool.com/topics/10100014 "
"2014-10-06 23:35:20"," ",,286912264,"我用夜晚来学习由衷的欣赏 当大街开始孤独，我也学会欣赏人群 对于寂静的来临，我要学着等待平静 潮水虽然不急，仍属于潮起，我始终 会慢下每一步进发，保持与秋天同样的步履 晚安，美好的人 2014-10-6 "
"2014-10-07 14:00:13"," ",,907439512,
"2014-10-07 14:55:57"," ",,2930242098,"[表情] "
"2014-10-07 14:56:55"," ",,1428484170,"[图片] "
"2014-10-07 14:57:00"," ",,1428484170,"[图片] "
"2014-10-07 14:57:05"," ",,1428484170,"[图片] "
"2014-10-07 14:57:11"," ",,1428484170,"可以漂浮这个 "
"2014-10-07 14:57:16"," ",,1428484170,"体验感增强 "
"2014-10-07 14:57:25"," ",,1428484170,"适配屏幕脚本换一下 "
"2014-10-07 14:58:19"," ",,1428484170,"http://amazeui.org/这个蛮新的，可以试试 "
"2014-10-07 18:12:47"," ",,541578455,"个人求职：PHPthinking帮你内推各大互联网公司http://www.phpthinking.com/archives/539 "
"2014-10-08 8:56:54"," ","系统消息",10000,"Hawstein加入本群 "
"2014-10-08 9:06:43"," ",,105904447,"[表情] "
"2014-10-08 9:07:02"," ",,2930242098,"早。 "
"2014-10-08 9:09:51"," ",SOLO,524570375,"早 "
"2014-10-08 9:18:05"," ","‍",506162630,"早 "
"2014-10-08 9:18:30"," ",Hawstein,991008686,"早 "
"2014-10-08 9:21:14"," ","祥STEVEN✅☀",1964667906,"[图片] "
"2014-10-08 9:52:54"," ","三叔",105904447,"早 "
"2014-10-08 10:41:23"," ","踮起脚尖",463112131,"离线下载可以指定某个文章下载吗 "
"2014-10-08 10:43:10"," ","推酷-kafka0102",756976004,"单个文章你点击正文后就缓存了 你可以把它加到待读里 "
"2014-10-08 10:45:35"," ","踮起脚尖",463112131,"好的/憨笑 "
"2014-10-08 10:56:24"," ",,80000000,"[图片] "
"2014-10-08 14:23:21","冒泡","杨帆，",2192276766,"推酷真是一个好东西， "
"2014-10-08 14:35:50","话唠","小酷007",2930242098,"[表情] "
"2014-10-08 14:42:24","传说","三叔",105904447,"好到什么程度？[表情] "
"2014-10-08 15:16:46","吐槽",PHPthinking,541578455,"和推酷交换友情链接 好难[表情] "
"2014-10-08 16:01:52"," ","杨帆，",2192276766,"友链啊，哈哈， "
"2014-10-08 21:57:19","潜水",Hawstein,991008686,"请问一下推酷现在是根据什么来做用户推荐的？点击阅读的文章&阅读时长&收藏的文章？ "
"2014-10-08 21:58:44","潜水","踮起脚尖",463112131,"手机离线下载的文章怎么删除啊 "
"2014-10-08 21:59:11","潜水",Hawstein,991008686,"有没有计划加入「红心」功能，之前用无觅阅读，觉得这个用起来很顺手 "
"2014-10-08 22:02:25","潜水","踮起脚尖",463112131,"gReader Pro 怎么用 "
"2014-10-08 22:38:34","话唠","推酷-kafka0102",756976004,"@Hawstein 缓存的文章数量有上限 应用启动时会检测并删除老的文章 "
"2014-10-08 22:39:18","话唠","推酷-kafka0102",756976004,"@踮起脚尖  @ 错了 "
"2014-10-08 22:39:20","活跃"," I'm a panda ",1154718748,"[图片] "
"2014-10-08 22:39:24","活跃"," I'm a panda ",1154718748,"[图片] "
"2014-10-08 22:39:30","活跃"," I'm a panda ",1154718748,"心塞…… "
"2014-10-08 22:39:40","活跃"," I'm a panda ",1154718748,"大哥里面的东西越来越难理解了 "
"2014-10-08 22:39:55","活跃"," I'm a panda ",1154718748,"[表情]甚至看不懂 "
"2014-10-08 22:40:04","话唠","推酷-kafka0102",756976004,"目前有收藏 赞功能得过段时间 "
"2014-10-08 22:40:34","话唠","推酷-kafka0102",756976004,"@ I'm a panda   推荐的文章难懂？ "
"2014-10-08 22:40:52","活跃"," I'm a panda ",1154718748,"技术类的…… "
"2014-10-08 22:41:07","活跃"," I'm a panda ",1154718748,"有些俺还没学…… "
"2014-10-08 22:41:20","活跃"," I'm a panda ",1154718748,"查一个东西有时候得一天 "
"2014-10-08 22:41:31","活跃"," I'm a panda ",1154718748,"还不一定懂[表情] "
"2014-10-08 22:42:17","话唠","推酷-kafka0102",756976004,"我大学时看程序员杂志也是这种感觉 一本里就能看懂几篇 说明成长空间大 "
"2014-10-08 22:42:36","潜水","踮起脚尖",463112131,"[图片]我下的rss到手机里就成了gReader Pro，feed还可以看得见 "
"2014-10-08 22:42:38","活跃"," I'm a panda ",1154718748,"嗯嗯 "
"2014-10-08 22:42:51","活跃"," I'm a panda ",1154718748,"您先忙着 "
"2014-10-08 22:42:56","活跃"," I'm a panda ",1154718748,"我还在查东西 "
"2014-10-11 10:30:27","活跃"," I'm a panda ",1154718748,"买了个肾5S "
"2014-10-11 10:30:32","潜水",1665907807,1665907807,"[表情] 谢谢 ， 网站 没有 太注意，但是 我在 那个书籍发现很多 好的文章 我现在用的最多的是 js "
"2014-10-11 10:30:33","活跃"," I'm a panda ",1154718748,"T T’ "
"2014-10-11 10:30:40","活跃"," I'm a panda ",1154718748,"好几个月的生活费啊 "
"2014-10-11 10:30:56","潜水",1665907807,1665907807,"恩 但是现在用的最多的 是arcgis "
"2014-10-11 10:31:18","话唠","小酷007",2930242098,"@卑鄙的我 有好的站点推荐吗？ "
"2014-10-11 10:31:43","潜水",1665907807,1665907807,"官网。。。 "
"2014-10-11 10:31:51","潜水",1665907807,1665907807,"其他的很少  "
"2014-10-11 10:32:00","潜水",1665907807,1665907807,"很难找到 有关的资料 "
"2014-10-11 10:32:09","潜水",1665907807,1665907807,"百度出来的基本都是重复的东西 "
"2014-10-11 10:32:33","潜水",1665907807,1665907807,"中文资料就更是少的可怜 "
"2014-10-11 10:32:51","话唠","小酷007",2930242098,"@卑鄙的我 [图片] "
"2014-10-11 10:33:07","话唠","小酷007",2930242098,"@ I'm a panda  How much? "
"2014-10-11 10:33:21","话唠","小酷007",2930242098,"要是现在我买iPhone的话我也会买5S的。 "
"2014-10-11 10:33:26","话唠","小酷007",2930242098,"6太难看了。 "
"2014-10-11 10:35:50","活跃"," I'm a panda ",1154718748,"2700 "
"2014-10-11 10:36:19","话唠","小酷007",2930242098,"这么便宜？港版？ "
"2014-10-11 10:36:32","活跃"," I'm a panda ",1154718748,"国航啊 "
"2014-10-11 10:36:39","活跃"," I'm a panda ",1154718748,"买的二手的 "
"2014-10-11 10:37:36","话唠","小酷007",2930242098,"哦，二手的啊。 "
"2014-10-11 10:37:57","活跃"," I'm a panda ",1154718748,"发票什么的都有 "
"2014-10-11 10:40:38","话唠","小酷007",2930242098,"私聊。 "
"2014-10-11 10:40:45","活跃"," I'm a panda ",1154718748,"不是在贴吧买的 "
"2014-10-11 10:40:51","活跃"," I'm a panda ",1154718748,"打的电话 "
"2014-10-11 10:41:34","吐槽",PHPthinking,541578455,"看了一下 php主题收录的是我再csdn上发的文章。。求站长，收录我们[表情][图片] "
"2014-10-11 13:17:14"," ","云袭 ",965706663,"[图片]这个算bug吗 超出了 安卓客户端 "
"2014-10-11 13:26:37"," ","推酷-kafka0102",756976004,"看起来是有问题 做下一版本时我再确认下 "
"2014-10-11 13:27:30"," ","云袭 ",965706663,"[表情] "
"2014-10-11 14:49:06"," ",AK,1263889952,"[表情] "
"2014-10-11 14:50:48"," ",AK,1263889952,"群主也在啊 "
"2014-10-11 14:51:13"," ","卑鄙的我",1665907807,"找兼职不 ？ 网站 不错哦 "
"2014-10-11 14:51:46"," ","小酷007",2930242098,"群主一直都在 "
"2014-10-11 14:51:51"," ","卑鄙的我",1665907807,"熟练掌握 js java "
"2014-10-11 14:52:05"," ",AK,1263889952,"你为什么要兼职 "
"2014-10-11 14:52:05"," ","卑鄙的我",1665907807,"对各种新技术 都很关注 喜欢 "
"2014-10-11 14:52:26"," ","卑鄙的我",1665907807,"想看看 一个网站怎么运营的 "
"2014-10-11 14:52:40"," ","卑鄙的我",1665907807,"我只会 做这个东西 "
"2014-10-11 14:53:53"," ",AK,1263889952,"昨天，第二台服务器刚发快递，第一台服务器硬盘就坏了，真是巧合 "
"2014-10-11 15:01:53"," ",AK,1263889952,"推酷最近有什么发展方向么 "
"2014-10-11 15:04:57"," ","推酷-kafka0102",756976004,"主要还是完善现有的功能了 年底可能会上一个新频道 "
"2014-10-11 15:06:05"," ",AK,1263889952,"群主有没有想别的方式 "
"2014-10-11 15:06:19"," ",AK,1263889952,"而不是在这上面添加 "
"2014-10-11 15:07:23"," ","推酷-kafka0102",756976004,"什么别的方式？ "
"2014-10-11 15:07:58"," ",AK,1263889952,"做类似国外那种技术站 "
"2014-10-11 15:09:09"," ","推酷-kafka0102",756976004,"哪种？ "
"2014-10-11 15:09:26"," ",AK,1263889952,"就好比CSDN吧，比他还好 "
"2014-10-11 15:09:31"," ",AK,1263889952,"其它的我不方便说 "
"2014-10-11 15:10:23"," ",AK,1263889952,"有会员，有原创，也有你这种抓取 "
"2014-10-11 15:10:37"," ",AK,1263889952,"我是想了一套方案的 "
"2014-10-11 15:11:01"," ","推酷-kafka0102",756976004,"那你就做吧 我们现在的事情都做不过来  "
"2014-10-11 15:11:52"," ",AK,1263889952,"呵呵，不能光自己忙啊，不瞒你说，我叫过，投资人，看过你的推酷 "
"2014-10-11 15:12:08"," ",AK,1263889952,"多和大家互动，才会出好的产品 "
"2014-10-11 15:16:25"," ","推酷-kafka0102",756976004,"我这也很互动的 主要和用户了 我这不属于主流创业节奏  "
"2014-10-11 15:16:40"," ",AK,1263889952,"哦，好吧 "
"2014-10-11 15:16:43"," ",AK,1263889952,"呵呵 "
"2014-10-11 15:17:10"," ",AK,1263889952,"你说的，主流创业节奏是？ "
"2014-10-11 15:18:20"," ",AK,1263889952,"创业，初期，找人才是最麻烦的事 "
"2014-10-11 15:20:16"," ","推酷-kafka0102",756976004,"没有大笔投资情况下 找人赚钱都困难 尤其是早期 所以推酷才做的很慢 但我本身也不是很想找投资 能养活自己做下去就行 做大做小看造化 "
"2014-10-11 15:20:46"," ",AK,1263889952,"那也得有人一起做啊，这样才能做起来 "
"2014-10-11 15:20:50"," ",AK,1263889952,"不能光看造化啊 "
"2014-10-11 15:21:48"," ",AK,1263889952,"你这已经有了收入？？ "
"2014-10-11 15:21:53"," ",AK,1263889952,"私聊吧 "
"2014-10-11 16:07:11"," ",Hawstein,991008686,"推酷是你们用业余时间做的？还是全职在做？ "
"2014-10-11 16:07:29"," ","张引",2512692215,"推酷是个公司 "
"2014-10-11 16:08:42"," ",Hawstein,991008686,"嗯，现在多少人？ "
"2014-10-11 16:09:03"," ","张引",2512692215,"貌似不太多吧 几个人？？？ "
"2014-10-11 16:10:00"," ",AK,1263889952,"大家支持推酷 "
"2014-10-11 16:10:43"," ",AK,1263889952,"大公司起步都人少 "
"2014-10-11 16:15:06"," ",Hawstein,991008686,"我个人挺需要个性化阅读服务的，尤其是it领域。以前用过一些app，就觉得无觅阅读用得挺顺手的，结果人做了秘密后就放弃无觅阅读了，真遗憾。现在还在用feedly和极客快讯，但都不怎么符合我的品，我用了推酷几天，觉得挺好的，支持你们 "
"2014-10-11 16:15:59"," ","小酷007",2930242098,"[表情] "
"2014-10-11 16:16:16"," ",AK,1263889952,"[表情]很好 "
"2014-10-11 16:18:59"," ",Hawstein,991008686,"@小酷007 你们现在是在全职做这个事情吗？ "
"2014-10-11 16:19:18"," ","小酷007",2930242098,"全职做 "
"2014-10-11 16:19:50"," ",Hawstein,991008686,"嗯，成立公司了？ "
"2014-10-11 16:21:24"," ","小酷007",2930242098,"是的。 "
"2014-10-11 16:22:04"," ",Hawstein,991008686,"支持。我是在segment fault上知道你们的，默默做产品的好公司 "
"2014-10-11 16:22:48"," ","小酷007",2930242098,"[表情] "
"2014-10-11 16:24:18"," ",Hawstein,991008686,"听说下个版本就会有「红心」功能？ "
"2014-10-11 16:24:51"," ",Hawstein,991008686,"这个对提升推荐结果应该是很有帮助的 "
"2014-10-11 16:25:14"," ","小酷007",2930242098,"现在就有【赞】啊 "
"2014-10-11 16:25:20"," ",Hawstein,991008686,"有吗？ "
"2014-10-11 16:25:54","话唠","小酷007",2930242098,"网页是有的 "
"2014-10-11 16:26:07","冒泡",Hawstein,991008686,"哦哦，我说的是手机客户端 "
"2014-10-11 16:27:37","话唠","小酷007",2930242098,"手机客户端加【红心】已在计划中啦 "
"2014-10-11 16:27:54","冒泡",Hawstein,991008686,"嗯，期待！现在我通过客户端来阅读文章，你们通过哪些指标来做推荐呢？ "
"2014-10-11 16:29:42","话唠","小酷007",2930242098,"用户关注的主题+用户行为 "
"2014-10-11 16:30:29","冒泡",Hawstein,991008686,"嗯，知道了。 "
"2014-10-11 16:31:24","冒泡",Hawstein,991008686,"推酷的内容是完全自动抓取，聚合的吗？ "
"2014-10-11 16:31:38","冒泡",Hawstein,991008686,"怎么断送这个站点抓还是不抓 "
"2014-10-11 16:31:44","冒泡",Hawstein,991008686,"判断 "
"2014-10-11 16:32:03","话唠","小酷007",2930242098,"是完全自动抓取、聚合 "
"2014-10-11 16:32:09","话唠","小酷007",2930242098,"怎么判断我就不知道了。 "
"2014-10-11 16:32:14","冒泡",Hawstein,991008686,"比如我的博客你们就抓取了，我顺手搜索了我女朋友的博客，就没有抓取 "
"2014-10-11 16:32:30","冒泡",Hawstein,991008686,"所以比较好奇 "
"2014-10-11 16:33:44","话唠","小酷007",2930242098,"我们抓取的都是已收录的站点。 "
"2014-10-11 16:35:21","冒泡",Hawstein,991008686,"已收录？ "
"2014-10-11 16:37:27","话唠","小酷007",2930242098,"对。 "
"2014-10-11 16:37:36","话唠","小酷007",2930242098,"说明你女友站点没有收录 "
"2014-10-11 16:38:24","冒泡",Hawstein,991008686,"是指被搜索引擎收录？ "
"2014-10-11 16:39:38","话唠","小酷007",2930242098,"被我们网站收录 "
"2014-10-11 16:40:14","冒泡",Hawstein,991008686,"那被你们网站收录，这个是人工做的？ "
"2014-10-11 16:42:28","话唠","小酷007",2930242098,"这个算是人工的吧。 "
"2014-10-11 16:44:39","冒泡",Hawstein,991008686,"嗯。谢谢答疑[表情]，顺手看了一下你们网站上的介绍和bbs，很用心。 "
"2014-10-11 16:46:43","话唠","小酷007",2930242098,"[表情] "
"2014-10-11 17:03:47","潜水","Loaded B Capable        ",1159898832,"[图片] "
"2014-10-11 17:06:20","话唠","小酷007",2930242098,"[表情] "
"2014-10-11 22:07:14"," ","了不起的柚子",286912264,"黄昏已逝，夜晚悄然 一切的变化，缓慢而简单 回忆过去的人 不要太长 向往明天的人 独自等待 晚安，美好的人 2014-10-11 "
"2014-10-12 10:09:51"," ",Jerry.zhou,909802725,"有没有画树形结构图的工具呢 "
"2014-10-12 10:09:54"," ",Jerry.zhou,909802725,"求助 "
"2014-10-12 10:09:58"," ",Jerry.zhou,909802725,"[表情] "
"2014-10-12 10:12:33"," ","D調卡賓℡",15348015,"思维导图那样的还是UML结构图那样的？ "
"2014-10-12 10:13:26"," ",Jerry.zhou,909802725,"[图片] "
"2014-10-12 10:13:34"," ",Jerry.zhou,909802725,"这种图 "
"2014-10-12 10:14:14"," ",Jerry.zhou,909802725,"思维导图知道画 "
"2014-10-12 10:14:29"," ",Jerry.zhou,909802725,"[图片] "
"2014-10-12 10:14:39"," ",Jerry.zhou,909802725,"用的是这个工具 "
"2014-10-12 10:19:25"," ",SOLO,524570375,"smart draw "
"2014-10-12 10:19:34"," ",SOLO,524570375,"visio "
"2014-10-12 10:19:51"," ",SOLO,524570375,"ppt "
"2014-10-12 10:20:09"," ","张引",2512692215,"xmind 有免费版 无需破解 "
"2014-10-12 10:20:18"," ",Jerry.zhou,909802725,"谢谢啦 "
"2014-10-12 10:21:08"," ",SOLO,524570375,"手机版的有个叫mind mapping的  "
"2014-10-12 11:09:11","潜水","简单",595167100,"苹果电脑还了WING7系统好暗 "
"2014-10-12 11:09:27","潜水","简单",595167100,"怎么可以调亮 "
"2014-10-12 11:10:21","话唠","‍",506162630,"用灯照 "
"2014-10-12 11:10:30","潜水","简单",595167100,"[表情] "
"2014-10-12 11:11:03","潜水","简单",595167100,"里面装个射灯吗 "
"2014-10-12 18:36:10","活跃",www.Hust.cc,642742669,"我操，真是土豪，你买苹果为的啥？ "
"2014-10-12 22:28:34"," ","系统消息",10000,"這年華青澀逝去明白了時間加入本群 "
"2014-10-12 23:46:30"," ","了不起的柚子",286912264,"与其说等了好久 关心每个夜晚的来临 不如让你知道 已经万千次想起的 人面桃花的痕迹 晚安，美好的人 2014-10-12 "
"2014-10-13 0:05:21"," ","水中花",907439512,"100--320/日 "
"2014-10-13 0:05:23"," ","水中花",907439512,"仅43个名额 "
"2014-10-13 0:06:37"," ","I'm a panda",1154718748,"@小酷007  "
"2014-10-13 0:27:23","潜水","南阁峰",2207344351,"回复 水中花：好 "
"2014-10-13 10:08:48"," ","D調卡賓℡",15348015,"@小酷007 http://www.tuicool.com/huodong/543a76b6cc5c7e6ae8507edd这个页面的去官网看看的链接有误 正确的是http://segmentfault.com/e/d2-2014 "
"2014-10-13 10:10:29"," ","小酷007",2930242098,"收到反馈，正在解决。 "
"2014-10-13 10:12:01"," ","小酷007",2930242098,"链接已修复。 "
"2014-10-13 10:12:37"," ","D調卡賓℡",15348015,"[表情] "
"2014-10-13 10:12:43"," ","小酷007",2930242098,"[表情] "
"2014-10-13 10:22:57"," ","I'm a panda",1154718748,"我昨天搜的百度的新闻 "
"2014-10-13 10:23:00"," ","I'm a panda",1154718748,"乱码了 "
"2014-10-13 10:23:06"," ","I'm a panda",1154718748,"太逗了 "
"2014-10-13 10:23:26"," ","小酷007",2930242098,"哪儿乱码了？ "
"2014-10-13 10:23:58"," ","I'm a panda",1154718748,"一个页面都是乱码 "
"2014-10-13 10:24:02"," ","I'm a panda",1154718748,"百度的新闻 "
"2014-10-13 10:26:54"," ","I'm a panda",1154718748,"页面找不到了 ==  "
"2014-10-13 10:26:59"," ","I'm a panda",1154718748,"当时为什么我不截图 "
"2014-10-13 10:27:21"," ","小酷007",2930242098,"[表情] "
"2014-10-13 10:42:13"," ","网名不要太长像我这样就行",806243756,"我想问  为什么离线下载后   很多都不能看 "
"2014-10-13 10:42:42"," ","小酷007",2930242098,"Android客户端还是 iOS客户端？ "
"2014-10-13 10:42:53"," ","网名不要太长像我这样就行",806243756,"安卓 "
"2014-10-13 10:43:26"," ","网名不要太长像我这样就行",806243756,"缓存还在   几百M呢 "
"2014-10-13 10:44:07"," ","小酷007",2930242098,"缓存的内容若在其他页面刷新过的话可能就没缓存住 "
"2014-10-13 10:45:08"," ","小酷007",2930242098,"这是个bug，我们的开发正在想办法解决这个问题。 "
"2014-10-13 10:46:12"," ","网名不要太长像我这样就行",806243756,"好郁闷的呢   下载离线要很久   下载后很多都不能看 "
"2014-10-13 10:49:07"," ","小酷007",2930242098,"我们会尽快解决的。 "
"2014-10-13 16:21:14"," ","系统消息",10000,"飞跃的鱼加入本群 "
"2014-10-13 17:24:32"," ","D調卡賓℡",15348015,"@小酷007http://www.tuicool.com/sites/search?kw=the+code+project点了主题的链接过去的页面出错 "
"2014-10-13 17:25:31"," ","小酷007",2930242098,"收到反馈 "
"2014-10-13 17:47:08"," ","了不起的柚子",286912264,"有没有人去奥森跑步～ "
"2014-10-13 17:48:54"," ","飞跃的鱼",2025272717,"@小酷007 http://www.tuicool.com/articles/Uruu2q 解析咖啡陪你商业模式与运营现状 还能陪多久？_联商网时间 2014-08-12 17:04:16 ¬联商网 原文  http://www.linkshop.com.cn/web/archives/2014/297874.shtml?from=rss 源链接已删除 已给贵站邮箱发营业执照等相关信息。麻烦帮忙删除一下。 "
"2014-10-13 17:49:08"," ","飞跃的鱼",2025272717,"@推酷-kafka0102 http://www.tuicool.com/articles/Uruu2q 解析咖啡陪你商业模式与运营现状 还能陪多久？_联商网时间 2014-08-12 17:04:16 ¬联商网 原文  http://www.linkshop.com.cn/web/archives/2014/297874.shtml?from=rss 源链接已删除 已给贵站邮箱发营业执照等相关信息。麻烦帮忙删除一下。 "
"2014-10-13 17:49:16"," ","飞跃的鱼",2025272717,"@推酷商务 http://www.tuicool.com/articles/Uruu2q 解析咖啡陪你商业模式与运营现状 还能陪多久？_联商网时间 2014-08-12 17:04:16 ¬联商网 原文  http://www.linkshop.com.cn/web/archives/2014/297874.shtml?from=rss 源链接已删除 已给贵站邮箱发营业执照等相关信息。麻烦帮忙删除一下。 "
"2014-10-13 17:51:42"," ","飞跃的鱼",2025272717,"[表情] "
"2014-10-13 18:28:14"," ","小酷007",2930242098,"已收到。 "
"2014-10-13 19:20:50"," ","风枝雨翼",450908361,"1 "
"2014-10-14 15:12:58"," ","系统消息",10000,"[图片] 【话唠】小酷007 分享文件 14:50:47 ""编程狂人第四十五期(2014-10-14).pdf"" 下载 "
"2014-10-14 16:31:36"," ","系统消息",10000,"I Geek Lab.加入本群 "
"2014-10-14 17:34:31"," ","三叔",105904447,"[表情] "
"2014-10-14 17:34:48"," ","小酷007",2930242098,"三叔下班了 "
"2014-10-14 17:34:50"," ","三叔",105904447,"不知不觉要奔500人去了啊，恭喜恭喜 "
"2014-10-14 17:34:52"," ","三叔",105904447,"木有 "
"2014-10-14 17:34:54"," ","三叔",105904447,"加班 "
"2014-10-14 17:35:18"," ","三叔",105904447,"我现在醒悟了一句话。 "
"2014-10-14 17:35:21"," ","小酷007",2930242098,"[表情] "
"2014-10-14 17:35:22"," ","三叔",105904447,"叫人生就像一场戏 "
"2014-10-14 17:35:33"," ","三叔",105904447,"我们都是演员 时时刻刻都在演戏 "
"2014-10-14 17:35:50"," ","三叔",105904447,"有时候演个别人看，有时候演个自己看 "
"2014-10-14 17:36:29"," ","小酷007",2930242098,"其实，我是一个演员。 "
"2014-10-14 17:36:31"," ","I Geek Lab.",admin@igeeklab.com,"[图片] "
"2014-10-14 17:37:44"," ","三叔",105904447,"[表情] 论演员的自我修养。。 "
"2014-10-14 17:40:57"," ","小酷007",2930242098,"斯坦尼斯拉夫斯基 "
"2014-10-14 17:41:29"," ","三叔",105904447,"我想到的是周星驰那个 "
"2014-10-14 17:41:53"," ","三叔",105904447,"[图片] "
"2014-10-14 17:42:22"," ","小酷007",2930242098,"必须周星星 "
"2014-10-14 17:42:56"," ","三叔",105904447,"[表情] "
"2014-10-14 17:56:54"," ",SOLO,524570375,"今天百度搜了很多东西，搜出来的第一条都是推酷，目测要火 "
"2014-10-14 17:57:48"," ",SOLO,524570375,"比如这个d3.map "
"2014-10-14 17:58:12"," ",SOLO,524570375,"虽然用百度搜技术的东西比较low；。。。 "
"2014-10-14 18:02:43"," ","小酷007",2930242098,"[表情] "
"2014-10-14 18:04:26"," ",SOLO,524570375,"请问推酷的开发工作现在全在北京吗 "
"2014-10-14 18:04:37"," ",SOLO,524570375,"我听说之前来过大连？ "
"2014-10-14 18:09:59"," ","小酷007",2930242098,"@SOLO 之前在大连待过一段时间，现在都在北京。 "
"2014-10-14 18:57:38","冒泡","I Geek Lab.",604565052,"推酷是自动采集网站还是网站提交网站给推酷？ "
"2014-10-14 21:41:47","活跃",PHPthinking,541578455,"请教：这道题目有会的吗？http://bbs.phpthinking.com/thread-26-1-1.html "
"2014-10-14 22:07:25","吐槽","网名不要太长像我这样就行",806243756,"是b f 吗 "
"2014-10-14 22:10:14","活跃",PHPthinking,541578455,"f "
"2014-10-14 22:25:16","活跃",PHPthinking,541578455,"PHP开发学习门户，论坛新上线，现在是公测阶段，同时招募版主，版主可获得PHPthinking的一切优惠活动和网站权限，同时各节假日，我们会邮寄相应礼物给版主！网址：http://bbs.phpthinking.com官网：http://www.phpthinking.com "
"2014-10-15 0:33:26","吐槽","了不起的柚子",286912264,"让夜 来安慰你的呼吸， 让这字 拼成软软的床 好 放平内心 晚安，美好的人 2014-10-14 "
"2014-10-15 8:46:05","话唠","‍",506162630,"挖掘机技术哪家强？ "
"2014-10-15 16:52:58","冒泡","小財神",2280583955,"问题来了 "
"2014-10-15 16:53:36","吐槽","了不起的柚子",286912264,"，我去 "
"2014-10-15 16:54:20","冒泡","川A77777",133575433,"[图片]极验验证有木有谁知道的？ "
"2014-10-15 18:01:09"," ",280113990,280113990,"[图片] "
"2014-10-15 18:01:30"," ",280113990,280113990,"有大神装过CDH5吗？我到这一步卡住了 "
"2014-10-15 18:18:38","冒泡","op小泽马",604195207," 你好 我想问个问题 为什么推酷 只会抓我们产品的媒体报道，但是我们的博客页确没有被抓去 博客页应该更有价值吧 "
"2014-10-16 0:39:41","吐槽","了不起的柚子",286912264,"总有这样的时候 内心不再焦躁 时间，不紧也不慢 夜晚有夜晚的幸福 美好在美好的对岸 晚安，美好的人 2014-10-15 "
"2014-10-16 8:58:58","潜水","小明同学",48521469,"http://www.ceocio.com.cn/e/action/ShowInfo.php?classid=69&id=145591这篇文章请求推酷抓取。 "
"2014-10-16 9:11:24","传说","三叔",105904447,"good morning baozupo "
"2014-10-16 9:12:03","话唠","小酷007",2930242098,"Good morning baozugong. "
"2014-10-16 9:19:19","传说","三叔",105904447,"[图片] "
"2014-10-16 9:19:20","传说","三叔",105904447,"[表情] "
"2014-10-16 10:44:24","潜水",Terry,36181610,"【代码录播推荐】使用jQuery插件TimeCircle来生成漂亮的倒计时效果　http://www.gbtags.com/gb/rtreplayerpreview/112.htm　, 效果不错，大家需要开发和设计计时器的话，可以关注一下！ "
"2014-10-16 15:08:43","潜水",864928315,864928315,"新人报道，举个手。。 "
"2014-10-16 15:09:25","话唠","小酷007",2930242098,"欢迎新同学。 "
"2014-10-16 15:10:26","潜水",864928315,864928315,"[表情]。。。 "
"2014-10-16 15:10:37","话唠","小酷007",2930242098,"[表情] "
"2014-10-16 17:56:50","话唠","‍",506162630,"文章分享到空间，返回后，设置的夜间模式变成白天了。。。 "
"2014-10-16 17:58:18","话唠","小酷007",2930242098,"什么版本？ "
"2014-10-16 18:00:07","话唠","‍",506162630,"最新的 "
"2014-10-16 18:00:15","话唠","‍",506162630,"之前的也是的 "
"2014-10-16 18:00:52","话唠","小酷007",2930242098,"Android？ "
"2014-10-16 18:00:59","话唠","‍",506162630," 嗯 "
"2014-10-16 18:01:06","话唠","‍",506162630,"红米手机。。。 "
"2014-10-16 18:01:12","话唠","小酷007",2930242098,"收到反馈。 "
"2014-10-16 18:06:28","话唠","小酷007",2930242098,"我用我的手机测试了一下没有问题。 "
"2014-10-16 18:06:47","话唠","小酷007",2930242098,"你手机装QQ空间了吗？ "
"2014-10-16 18:07:20","话唠","‍",506162630,"没有→_→ "
"2014-10-16 18:07:41","话唠","‍",506162630,"QQ软件自带的 "
"2014-10-16 18:07:43","话唠","小酷007",2930242098,"我也没有装 "
"2014-10-16 18:07:55","话唠","小酷007",2930242098,"分享的时候报错了吗？ "
"2014-10-16 18:08:44","话唠","‍",506162630,"现在试试，没问题了 "
"2014-10-16 18:08:51","话唠","‍",506162630,"没有报错 "
"2014-10-16 18:09:20","话唠","小酷007",2930242098,"你是第一次分享到QQ空间吗？ "
"2014-10-16 18:09:30","话唠","‍",506162630,"好多次了 "
"2014-10-16 18:09:48","话唠","小酷007",2930242098,"哦，那以前有这个问题吗？ "
"2014-10-16 18:10:34","话唠","‍",506162630,"有的 "
"2014-10-16 18:10:53","话唠","‍",506162630,"刚又试了一次，不出现了 "
"2014-10-16 18:12:56","话唠","‍",506162630,"分享到空间时，选择留在空间，，选择空间左上的动态，会返回到推酷刚刚自己看的文章的 "
"2014-10-16 18:13:14","话唠","‍",506162630,"这是不是也是个问题 "
"2014-10-16 18:13:32","话唠","小酷007",2930242098,"可能是分享的时候出错了，造成程序内部状态混乱了。 "
"2014-10-16 18:13:52","话唠","‍",506162630,"嗯 "
"2014-10-16 18:14:32","话唠","小酷007",2930242098,"红米上的文章有没有发生错乱的情况。 "
"2014-10-16 18:16:04","话唠","‍",506162630,"没有→_→ "
"2014-10-16 18:17:01","话唠","小酷007",2930242098,"我刚用我的手机测试了一下你说的那个问题，没有啊。 "
"2014-10-16 18:17:55","话唠","‍",506162630,"那个问题，我早就出现了。。 "
"2014-10-16 18:18:29","话唠","小酷007",2930242098,"好吧。 "
"2014-10-16 18:18:37","话唠","小酷007",2930242098,"我们再测试一下。 "
"2014-10-16 18:18:49","话唠","‍",506162630,"我又试了，还是回到推酷了 "
"2014-10-16 18:18:55","话唠","小酷007",2930242098,"看来MIUI还是有些问题。 "
"2014-10-16 18:19:27","话唠","‍",506162630,"[图片] "
"2014-10-16 18:19:35","活跃","D調卡賓℡",15348015," 我用的红米note 我来试下 "
"2014-10-16 18:19:43","话唠","‍",506162630,"右边的图片怎么不显示了 "
"2014-10-16 18:19:54","话唠","‍",506162630,"也好久都不显示了 "
"2014-10-16 18:20:13","话唠","‍",506162630,"左边←_← "
"2014-10-16 18:22:16","话唠","小酷007",2930242098,"你是说分享的文章的链接找不到吗？ "
"2014-10-16 18:22:55","活跃","D調卡賓℡",15348015,"还真是这样的  "
"2014-10-16 18:23:15","活跃","D調卡賓℡",15348015,"正如上面的朋友所说的 点击动态 它执行了和点击返回按钮同样的逻辑  "
"2014-10-16 18:23:27","活跃","D調卡賓℡",15348015,"所以直接返回到推酷客户端了 "
"2014-10-16 18:23:51","话唠","小酷007",2930242098,"我用我的Nexus 5测了好多次，没有问题。 "
"2014-10-16 18:24:09","活跃","D調卡賓℡",15348015,"那可能就是和MIUI有关了 "
"2014-10-16 18:24:11","话唠","小酷007",2930242098,"可能就是分享的时候出错了，造成程序内部状态混乱了。 "
"2014-10-16 18:24:31","话唠","小酷007",2930242098,"我们再从MIUI做测试并调试。 "
"2014-10-16 18:25:27","话唠","小酷007",2930242098,"你们的Android是什么版本？ "
"2014-10-16 18:27:31","活跃","D調卡賓℡",15348015,"android 4.2.2 JDQ39miui MIUI-JHECNBF30.0 "
"2014-10-16 18:27:51","话唠","‍",506162630,"4.3 "
"2014-10-16 18:27:55","话唠","‍",506162630,"4.2 "
"2014-10-16 18:28:12","话唠","‍",506162630,"是4.2 "
"2014-10-16 18:28:47","话唠","小酷007",2930242098,"好，收到反馈，我们会尽快调试。 "
"2014-10-16 18:28:56","活跃","D調卡賓℡",15348015,"辛苦哟 "
"2014-10-16 18:32:25","话唠","小酷007",2930242098,"[表情] "
"2014-10-16 21:37:03"," ","系统消息",10000,"[图片] 【话唠】小酷007 分享文件 14:50:47 ""编程狂人第四十五期(2014-10-14).pdf"" 下载 "
"2014-10-16 23:03:30"," ","I'm a panda",1154718748,"[图片] "
"2014-10-16 23:03:33"," ","I'm a panda",1154718748,"@小酷007  "
"2014-10-16 23:03:39"," ","I'm a panda",1154718748,"群主大大 "
"2014-10-16 23:03:50"," ","I'm a panda",1154718748,"这题我用别的方法会做 "
"2014-10-16 23:03:54"," ","I'm a panda",1154718748,"这方法不会啊 "
"2014-10-16 23:04:39"," ","Heart of courage",244746283,"[表情] "
"2014-10-16 23:10:19"," ","I'm a panda",1154718748,"我去好好看看…… "
"2014-10-17 9:19:28","传说","三叔",105904447,"过来人给你的建议 "
"2014-10-17 9:19:33","传说","三叔",105904447,"不然你出来也只有相亲了 "
"2014-10-17 9:19:35","话唠","‍",506162630,"学校妹子好少 "
"2014-10-17 9:19:53","话唠","‍",506162630,"成都妹子好矮。。。 "
"2014-10-17 9:19:54","吐槽",swift,605277091,"是的 "
"2014-10-17 9:20:29","吐槽",swift,605277091,"在学校不找好，出了社会工作了就没机会了，只能相亲捡剩下的 "
"2014-10-17 9:20:37","传说","三叔",105904447,"wo kao .. "
"2014-10-17 9:20:39","话唠","‍",506162630,"卧槽 "
"2014-10-17 9:20:42","传说","三叔",105904447,"成都妹子 很好的 "
"2014-10-17 9:20:54","传说","三叔",105904447,"你要放大你的眼光 "
"2014-10-17 9:21:00","传说","三叔",105904447,"你在成都呆了多少年啊 "
"2014-10-17 9:21:10","话唠","‍",506162630,"[表情][表情][表情] "
"2014-10-17 9:21:15","话唠","‍",506162630,"刚来的 "
"2014-10-17 9:21:33","传说","三叔",105904447,"看完成都妹子，你再去其他地方看看。。。哎。。。。。。 "
"2014-10-17 9:21:36","传说","三叔",105904447,"哎。。。。。。。 "
"2014-10-17 9:22:17","话唠","‍",506162630,"。。。。。。 "
"2014-10-17 9:22:45","传说","三叔",105904447,"之前看帖说如果辨别成都 一，在路上看到的都是美女的，是成都。二，在飞机上听到下面全是哗啦啦的声音的，是成都 "
"2014-10-17 9:24:31","话唠","‍",506162630,"都不是我的 "
"2014-10-17 9:24:50","传说","三叔",105904447,"你不追，让川妹子追你啊 "
"2014-10-17 9:24:56","传说","三叔",105904447,"赶紧的。。。 "
"2014-10-17 9:25:11","传说","三叔",105904447,"不然以后有的你后悔 "
"2014-10-17 9:28:42","话唠","‍",506162630,"卧槽，上个星期有个妹子勾搭我，后来。。。后来说不是追我，只能卧槽了 "
"2014-10-17 11:36:08","话唠","‍",506162630,"[图片] "
"2014-10-17 11:36:22","话唠","‍",506162630,"字不能在上面显示 "
"2014-10-17 11:36:32","话唠","‍",506162630,"各地“离奇死亡”事件频发 　　近年来，各地看守所、派出所等“离奇死亡”事件并不少见，“躲猫猫死、冲凉死、洗脸死、喝粥死、激动死、喝水死、噩梦死、床上摔下死、睡姿不对死、抠粉刺死、上厕所死、证据不足死等”都曾在名噪一时，有媒体甚至称：“欲知死法有多少，看守所（派出所）里见分晓！” "
"2014-10-17 19:03:03","活跃","D調卡賓℡",15348015,"正文的划词翻译是什么时候加上的  有点意外啊 这个体验不错 针对全英文的文章 "
"2014-10-17 21:27:51","传说","推酷-kafka0102",756976004,"划词是这个月初上的吧 是有朋友反馈后看起来也不麻烦就加上了 用的是有道的接口 只在英文文章出现 还有好几个朋友反馈希望客户端能加上 如果有人看到有产品使用划词功能可以反馈给我 没找到类似的能直接使用的组件 "
"2014-10-18 0:05:52","吐槽","了不起的柚子",286912264,"夜幕已拉上 祝愿好梦 睡满夜的情怀 晚安，美好的人 2014-10-17 "
"2014-10-23 7:12:39"," ",iLex,540484840,"老于 网站能打开吗？ "
"2014-10-23 7:12:43"," ",iLex,540484840,"我怎么这里打不开了 "
"2014-10-23 7:12:50"," ",iLex,540484840,"好了，，， "
"2014-10-23 7:12:54"," ",iLex,540484840,"奇怪提示，dns fail "
"2014-10-23 10:45:20"," ","枔羽",61367498,"我这边可以打开。。深圳电信 "
"2014-10-23 13:33:04"," ","⊱Password9⊰",919095859,"有想换工作的吗？     IOS高级开发工程师2年以上iOS（iPhone/iPad） 平台开发经验；熟悉iOS Objective-C开发语言，熟练掌握Xcode等相关开发工具 ，熟悉 iPhone 开发平台的框架原理；熟悉iOS平台应用软件的开发，以及iOS SDK 4.3.5之后一些新特性的理解； 联系  iot.6st@gmail.com "
"2014-10-23 13:41:26"," ",AK,1263889952,"[表情] "
"2014-10-23 21:07:18"," ","网名不要太长像我这样就行",806243756,"为什么我找不到注解的文章呢 "
"2014-10-24 11:10:53"," ",,417042816,"hi "
"2014-10-24 11:48:18"," ","小酷007",2930242098,"欢迎新同学。 "
"2014-10-24 11:49:20"," ",,417042816,"[表情]要改名么 "
"2014-10-24 12:35:51"," ","Finlay Liu",873242298,"[图片] "
"2014-10-24 12:36:35"," ","Finlay Liu",873242298,"我觉得，点击提交，这和页面应该自动关闭。[表情] "
"2014-10-24 13:12:01","传说","推酷-kafka0102",756976004,"这个逻辑其实也可以 只是因为要有提示 就没做跳转处理 "
"2014-10-24 13:33:06","话唠","小酷007",2930242098,"[图片] "
"2014-10-24 13:33:56","话唠","小酷007",2930242098,"来参加51offer的互联网留学行业峰会，搞的很高大上。 "
"2014-10-24 13:36:02","话唠","I'm a panda",1154718748,"[表情] "
"2014-10-24 13:59:46","潜水",2768618082,2768618082,"[表情] "
"2014-10-24 14:00:09","活跃",Maturity丶,35304472,"去哪儿网的？ "
"2014-10-24 14:01:10","潜水",2768618082,2768618082,"网站筹备中，还没建好 "
"2014-10-24 14:06:22","吐槽",68486160,68486160,"深圳去哪儿 跟去哪儿网有关系吗 "
"2014-10-24 16:12:53","潜水",2768618082,2768618082,"有篇稿涉及了版权的问题，请问是找谁的？ "
"2014-10-24 19:30:59","话唠","小酷007",2930242098,"@深圳去哪儿 发邮件到biz@tuicool.com 我们有专门的人员处理。 "
"2014-10-24 22:51:25","传说","三叔",105904447,"[表情] "
"2014-10-25 10:02:50"," ","系统消息",10000,"[图片] 【话唠】小酷007 分享文件 18:26:13 ""编程狂人第四十六期(2014-10-21).pdf"" 下载 "
"2014-10-27 10:25:03","传说","三叔",105904447,"为什么今天是周一啊。 "
"2014-10-27 10:25:07","传说","三叔",105904447,"[表情] "
"2014-10-27 10:25:26","话唠","I'm a panda",1154718748,"[表情] "
"2014-10-27 10:25:37","话唠","‍",506162630,"因为昨天周日 "
"2014-10-27 10:25:48","话唠","I'm a panda",1154718748,"[图片]看c plus被洗脑了 "
"2014-10-27 10:26:18","活跃","卑鄙的我",1665907807,"[图片] "
"2014-10-27 10:27:21","话唠","I'm a panda",1154718748,"[图片] "
"2014-10-27 10:37:14","话唠","‍",506162630,"[图片] "
"2014-10-27 16:05:03"," ",,1820059360,"http://www.tuicool.com/articles/vI7BneR[表情] 这篇文章里内容出现重复 "
"2014-10-27 16:07:04"," ",,68486160,"私以为这种广告拉低了网站的档次[图片] "
"2014-10-27 16:12:10"," ","张引",2512692215,"据说百度广告会被逐渐替换掉 "
"2014-10-27 16:12:16"," ","张引",2512692215,"小道消息 "
"2014-10-27 16:12:20"," ","小酷007",2930242098,"@微营销手册 谢谢反馈。 "
"2014-10-27 16:12:44"," ","小酷007",2930242098,"没办法，百度广告太脑残了。 "
"2014-10-27 16:12:51"," ","小酷007",2930242098,"匹配度太差了 "
"2014-10-27 16:13:00"," ","小酷007",2930242098,"百度只顾着赚钱了 "
"2014-10-27 16:40:27"," ","枔羽",61367498,"窃以为 阿里 CNZZ 的广告匹配度最差 "
"2014-10-27 18:25:00","活跃",PHPthinking,541578455,"推酷怎么进不去了？ "
"2014-10-27 18:25:14","活跃",PHPthinking,541578455,"难道是加广告加的？ "
"2014-10-27 18:26:07","活跃",PHPthinking,541578455,"@小酷007  "
"2014-10-27 18:31:07","话唠","小酷007",2930242098,"@PHPthinking 进的去啊。 "
"2014-10-27 18:32:54","活跃",PHPthinking,541578455,"[图片] "
"2014-10-27 18:32:58","活跃",PHPthinking,541578455,"难道是我们公司把推酷禁了？ "
"2014-10-27 18:35:26","传说","推酷-kafka0102",756976004,"ip? "
"2014-10-27 18:35:45","冒泡","推酷孔雀东南飞",417042816,"刷一刷 "
"2014-10-27 18:36:23","传说","推酷-kafka0102",756976004,"如果你们内网有爬虫爬我们的数据 是有可能被封的  "
"2014-10-27 18:41:30","吐槽","朋克猫",68486160,"http://www.tuicool.com/articles/BRnYn2f无意义推送 "
"2014-10-27 18:42:02","话唠","小酷007",2930242098,"收到反馈。@朋克猫  "
"2014-10-27 18:42:51","传说","推酷-kafka0102",756976004,"嗯 这个文章是不应该推荐的 "
"2014-10-27 22:58:49","活跃","流光",438985635,"不知道tuicool防百度谷歌不 "
"2014-10-27 23:31:50","冒泡",Studio_,1004305678,"[图片] "
"2014-10-27 23:31:58","冒泡",Studio_,1004305678,"两个相同的 "
"2014-10-27 23:55:31","潜水","‍",506162630,"http://www.jukuu.com/ "
"2014-10-27 23:55:54","潜水","‍",506162630,"[表情] "
"2014-10-27 23:55:56","潜水","‍",506162630,"[图片] "
"2014-10-27 23:56:44","潜水","‍",506162630,"之前在推酷上面看一篇文章说网址有两个o就是oo的网站比较火 "
"2014-10-28 0:22:09","活跃","了不起的柚子",286912264,"除了家乡 也没有什么 让自己突然觉得 游子的血液在身体流淌 脚步声回荡在寂静里 仰望的不是月亮 是往事 晚安，美好的人 2014-10-27 "
"2014-10-28 8:55:58"," ",36181610,36181610,"　【课程速递】CSS3基础课程 Box-Shadow 阴影 - 观看地址：http://www.gbtags.com/gb/gbliblist/26.htm ， 出品人：http://www.gbtags.com/gb/site/lytimefound.htm  "
"2014-10-28 9:04:05","话唠","小酷007",2930242098,"@Studio_ 收到反馈，我们下一步的改版会过滤标题。 "
"2014-10-28 11:12:36","潜水","‍",506162630,"[表情] "
"2014-10-29 16:14:45"," ",Jerry.zhou,909802725,"问一个小问题 "
"2014-10-29 16:14:55"," ","老男人",501565246,"问吧 "
"2014-10-29 16:15:01"," ","老男人",501565246,"小弟弟 "
"2014-10-29 16:15:08"," ",Jerry.zhou,909802725,"markdown上面怎么样才能给一段特定的文字加上颜色呢 "
"2014-10-29 16:15:13"," ","老男人",501565246,"@Jerry.zhou  "
"2014-10-29 16:15:28"," ","老男人",501565246,"@Jerry.zhou 不知道 "
"2014-10-29 16:16:17"," ",Jerry.zhou,909802725,"看了知乎上说markdown 支持内嵌的HTML标签 "
"2014-10-29 16:16:38"," ",Jerry.zhou,909802725,"我想写文档，不想用word写 "
"2014-10-29 16:17:54"," ","祥STEVEN✅☀",1964667906,"那用笔写 "
"2014-10-29 16:18:08"," ",Jerry.zhou,909802725,"[图片] "
"2014-10-29 16:18:23"," ",Jerry.zhou,909802725,"都是代码 "
"2014-10-29 16:18:24"," ",Jerry.zhou,909802725,"[图片] "
"2014-10-29 16:18:33"," ","祥STEVEN✅☀",1964667906,"dos "
"2014-10-29 16:18:51"," ","祥STEVEN✅☀",1964667906,"[表情] "
"2014-10-29 16:19:19"," ",Jerry.zhou,909802725,"可把我纠结死了 "
"2014-10-29 16:21:59"," ",IoT-Aaron,1527046208,"？这个直译式的有什么好纠结的 "
"2014-10-29 16:22:08"," ",IoT-Aaron,1527046208,"又不是C＋＋有Point的～ "
"2014-10-29 16:22:22"," ",IoT-Aaron,1527046208,"这个跟Java script一样简单又没有用到OOP "
"2014-10-29 16:22:30"," ",IoT-Aaron,1527046208,"靠？也太差了吧？ "
"2014-10-29 16:22:35"," ",Jerry.zhou,909802725,"我是要把一些错误的代码写法给标注出来，给别人看的 "
"2014-10-29 16:23:05"," ",IoT-Aaron,1527046208,"靠这么多美国时间～～ "
"2014-10-29 16:23:14"," ",IoT-Aaron,1527046208,"是很纠结～～ "
"2014-10-29 16:23:19"," ",IoT-Aaron,1527046208,"那是神做的事情。 "
"2014-10-29 16:23:25"," ",IoT-Aaron,1527046208,"[图片] "
"2014-10-29 16:23:31"," ",Jerry.zhou,909802725,"[图片] "
"2014-10-29 16:24:28"," ",Jerry.zhou,909802725,"不想只做一只小菜鸟啊 "
"2014-10-29 16:25:02"," ",IoT-Aaron,1527046208,"好吧。只能祝福你慢慢纠结～～神～～ "
"2014-10-29 23:58:23"," ","‍",506162630,"晚安 "
"2014-10-30 9:53:22"," ",jupiter,2558779908,"有没有交换友情链接的？ "
"2014-10-30 17:12:54","活跃","云袭 ",965706663,"我发现安卓客户端有个小问题 有时候莫名的在通知栏就提示正在离线下载 但是没有任何下载。。 "
"2014-10-30 17:13:38","话唠","小酷007",2930242098,"收到反馈。 "
"2014-10-30 17:14:05","潜水","君子壳-Zhu",277251257,"多线程状态没同步 "
"2014-10-30 17:14:08","话唠","小酷007",2930242098,"可能是在取文章列表的时候卡住了，得等一会儿。 "
"2014-10-30 17:14:41","活跃",PHPthinking,541578455,"@jupiter 换友链？ "
"2014-10-30 17:15:27","潜水",jupiter,2558779908,"@PHPthinking 嗯 "
"2014-10-30 17:17:12","活跃","云袭 ",965706663,"我刚试了试 这样也会保持在通知栏 全选下载->开始下载->等到出现通知栏的时候->取消全选下载 然后状态栏里就保持了 推出客户端也无效  "
"2014-10-30 17:17:52","活跃","云袭 ",965706663,"我平时的使用场景可能会导致如上情况 一般在公司开了离线下载 然后出公司wifi断了 我又没有用数据连接 所以就保持在状态栏了 "
"2014-10-30 17:18:51","活跃",PHPthinking,541578455,"你的站发一下 "
"2014-10-30 17:19:39","潜水",jupiter,2558779908,"haitaolab.com@PHPthinking  "
"2014-10-30 17:20:11","活跃",PHPthinking,541578455,"我的  phpthinking.com "
"2014-10-30 17:21:02","活跃",PHPthinking,541578455,"咱们不合适 以为你也是it行业的 "
"2014-10-30 17:29:38","潜水",jupiter,2558779908,"[表情] "
"2014-10-30 17:30:16","潜水",jupiter,2558779908,"以后会需要的 "
"2014-10-30 17:34:28","冒泡","推酷孔雀东南飞",417042816,"换友链得是双方流量差不多大的情况是吧 "
"2014-10-30 17:49:22","潜水",jupiter,2558779908,"只要愿意就行 "
"2014-10-30 18:11:45","活跃","I am panda",1154718748,"[图片] "
"2014-10-30 19:03:02","话唠","小酷007",2930242098,"3D苍蝇 "
"2014-10-30 19:03:06","话唠","小酷007",2930242098,"好逼真 "
"2014-10-30 19:11:45","话唠","‍",506162630,"[表情]真的很逼真 "
"2014-10-30 21:37:31","潜水",Summer,93143412,"前天用网页注册账户后登陆老是失败，后来装了APP后才登陆上去 "
"2014-10-31 0:21:11","活跃","了不起的柚子",286912264,"别再晚睡，深夜里 女巫或恶魔什么的 是把罪恶放进摇篮 人们，祭祀亡魂 轻轻关上灯 被取走的 有疲惫，迷茫，和可能的不安 goodnight Halloween 2014-10-30 "
"2014-10-31 9:05:54"," ","系统消息",10000,"兮兮--Cindy加入本群 "
"2014-10-31 9:05:55"," ","系统消息",10000,"Aurora加入本群 "
"2014-10-31 9:14:09"," ",JSer,1665907807,"[图片] "
"2014-10-31 9:14:12"," ",JSer,1665907807,"eclipse 的git   "
"2014-10-31 9:14:25"," ",JSer,1665907807,"出现这个 问题 ， 有高人 能 指点一下吗？ "
"2014-10-31 14:07:26","潜水",MKT-Emily,627429142,"想请问下奥，上传的活动名称可以变更吗？ "
"2014-10-31 14:12:42","话唠","小酷007",2930242098,"可以变更 "
"2014-10-31 14:13:30","潜水",MKT-Emily,627429142,"自己登入就可以变更了咯？ "
"2014-10-31 14:13:36","潜水",MKT-Emily,627429142,"还是要您这边来操作？ "
"2014-10-31 14:13:58","话唠","小酷007",2930242098,"是需要我做操作 "
"2014-10-31 14:14:21","话唠","小酷007",2930242098,"我现在在外边，稍等。 "
"2014-10-31 14:14:30","潜水",MKT-Emily,627429142,"好的，谢谢啦 "
"2014-10-31 14:26:04"," ",MKT-Emily,627429142,"[图片]这个名字应该是欧阳骁琦 "
"2014-10-31 15:13:44","活跃",Jerry.zhou,909802725,"crontab 0 * * * *  "
"2014-10-31 15:14:06"," ",Jerry.zhou,909802725,"这个代表什么时候执行一次呢 "
"2014-10-31 15:38:06"," ","朋克猫",68486160,"每分钟 "
"2014-10-31 17:29:47","话唠","‍",506162630,"应该是数据问题 "
"2014-10-31 17:29:52","话唠","‍",506162630,"我在看看 "
"2014-10-31 19:30:26","活跃","D調卡賓℡",15348015,"http://cn.bing.com/?scope=web&FORM=HDRSC1 "
"2014-10-31 19:38:31","冒泡","永不止步 ",510188808,"r语言的需求多不多 "
"2014-10-31 23:01:29","冒泡","Finlay Liu",873242298,"有 "
"2014-11-01 0:22:16","活跃","了不起的柚子",286912264,"接受城市 接受夜晚 接受雾霾 接受暗下来的万圣夜 接受沉默并以此传递声音 寂静是让你的名字接近万物 恋是不必用力就定下的决心 晚安，美好的人 Happy Halloween 2014-10-31 "
"2014-11-02 0:01:30","活跃","了不起的柚子",286912264,"来不及朝思 就借好月光 赶得上暮想 夜晚会很静 念一曲情深  如是我向往 晚安，美好的人 2014-11-1 "
"2014-11-02 0:01:50","话唠","‍",506162630,"[表情] "
"2014-11-02 0:04:24","话唠","‍",506162630,"浮游大陆的柚子  @了不起的柚子  新浪微博名字？ "
"2014-11-02 1:04:20","活跃","了不起的柚子",286912264,"微信公众：晚安柚子 "
"2014-11-02 1:04:24","活跃","了不起的柚子",286912264,"没开微博 "
"2014-11-02 9:02:03","话唠","‍",506162630,"关注了 "
"2014-11-02 13:12:13","活跃","D調卡賓℡",15348015,"[图片]Fitbit Flex的文章不应归到adobe flex主题中@小酷007  "
"2014-11-02 19:22:50","活跃","云袭 ",965706663,"安卓客户端个人收藏的文章能增加搜索的功能么 "
"2014-11-02 20:42:09","话唠","小酷007",2930242098,"收到反馈。 "
"2014-11-03 8:25:09","潜水","栾银兰yolo",1745516741,"[图片] "
"2014-11-03 8:33:01","话唠","‍",506162630,"。。。。 "
"2014-11-03 9:09:43","活跃",PHPthinking,541578455,"推酷真狠  一排三广告位  还以为推酷没有广告呢 "
"2014-11-03 9:09:46","活跃",PHPthinking,541578455,"[图片] "
"2014-11-03 9:10:39","话唠","小酷007",2930242098,"@PHPthinking 我们也得生存啊。 "
"2014-11-03 9:10:57","活跃",PHPthinking,541578455,"嗯嗯 懂的 "
"2014-11-03 9:19:00","传说","三叔",105904447,"这个可以有~[表情] "
"2014-11-03 9:19:40","话唠","小酷007",2930242098,"[表情] "
"2014-11-03 9:21:50","冒泡","五月",417042816,"有啊，那个游戏包月的 "
"2014-11-03 9:24:22","传说","三叔",105904447,"[表情] "
"2014-11-03 14:33:35"," ","Master Yan",11345191,"[图片] "
"2014-11-03 14:43:29"," ","Master Yan",11345191,"请问如何创建推刊啊？ "
"2014-11-03 14:44:43"," ","小酷007",2930242098,"网页还是App？ "
"2014-11-03 14:44:57"," ","Master Yan",11345191,"网页 "
"2014-11-03 14:45:21"," ","小酷007",2930242098,"收藏文章的时候会有提示 "
"2014-11-03 14:46:25"," ","Master Yan",11345191,"推刊是新闻源吗？ "
"2014-11-03 14:46:29"," ","Master Yan",11345191,"我想做新闻源 "
"2014-11-03 14:47:40"," ","小酷007",2930242098,"你可以把网址提交给我。 "
"2014-11-03 14:48:00"," ","Master Yan",11345191,"http://www.66team.com "
"2014-11-03 14:48:21"," ","Master Yan",11345191,"只做原创 "
"2014-11-03 14:48:25"," ","小酷007",2930242098,"OK "
"2014-11-03 14:48:46"," ","Master Yan",11345191,"新建的站  多支持哈[表情] "
"2014-11-03 14:49:12"," ","小酷007",2930242098,"文章更新频率太低了 "
"2014-11-03 14:50:15"," ","Master Yan",11345191,"[图片] "
"2014-11-03 14:50:17"," ","Master Yan",11345191,"刚刚创建 "
"2014-11-03 14:50:21"," ","Master Yan",11345191,"请给我点时间 "
"2014-11-03 14:51:45"," ","小酷007",2930242098,"OK "
"2014-11-03 16:19:32"," ","三叔",105904447,"@小酷007  "
"2014-11-03 16:19:40"," ","三叔",105904447,"[图片] "
"2014-11-03 16:20:21"," ","安全空间",674134490,"[图片][图片]  "
"2014-11-03 16:21:06"," ","小酷007",2930242098,"@三叔 被识别为垃圾邮件了？ "
"2014-11-03 16:21:15"," ","三叔",105904447,"也没有 "
"2014-11-03 16:21:28"," ","小酷007",2930242098,"用的什么邮箱？ "
"2014-11-03 16:21:29"," ","三叔",105904447,"就是乱码了 "
"2014-11-03 16:21:32"," ","祥STEVEN✅☀",1964667906,"政府价 "
"2014-11-03 16:21:38"," ","三叔",105904447,"秋秋邮箱 "
"2014-11-03 16:21:46"," ","三叔",105904447,"[图片] "
"2014-11-03 16:21:55"," ","三叔",105904447,"[图片] "
"2014-11-03 16:22:11"," ","小酷007",2930242098,"里面的内容也是乱码吗？ "
"2014-11-03 16:22:13"," ","三叔",105904447,"被识别成了 广告邮件 。。 "
"2014-11-03 16:22:21"," ","三叔",105904447,"里面正常的 "
"2014-11-03 16:22:24"," ","三叔",105904447,"头部 "
"2014-11-03 16:22:24"," ","三叔",105904447,"[图片] "
"2014-11-03 16:22:28"," ","安全空间",674134490,"一把楚国的剑500就给了政府，还有什么比政府更赚钱的。。。 "
"2014-11-03 16:22:37"," ","三叔",105904447,"就头部问题 "
"2014-11-03 16:22:51"," ","三叔",105904447,"其实就是 发件人 解析出问题了 "
"2014-11-03 16:24:52"," ","小酷007",2930242098,"@三叔 收到反馈。 "
"2014-11-03 16:24:57"," ","小酷007",2930242098,"可能不好解决 "
"2014-11-03 16:25:05"," ","小酷007",2930242098,"应该是邮箱的问题 "
"2014-11-03 16:25:12"," ","小酷007",2930242098,"网易邮箱就没问题 "
"2014-11-03 16:25:15"," ","三叔",105904447,"qq 邮箱的问题么 "
"2014-11-03 16:25:22"," ","三叔",105904447,"我上周就没问题哎 "
"2014-11-03 16:25:39"," ","小酷007",2930242098,"上周的没问题啊 "
"2014-11-03 16:25:46"," ","三叔",105904447,"嗯 "
"2014-11-03 16:25:55"," ","三叔",105904447,"[图片] "
"2014-11-03 16:25:58"," ","三叔",105904447,"[图片] "
"2014-11-03 16:26:02"," ","三叔",105904447,"10月26日 正常 "
"2014-11-03 16:26:19"," ","推酷-kafka0102",756976004,"这个看起来是QQ邮箱识别出来邮件是由sendcloud发送造成的 "
"2014-11-03 16:26:20"," ","三叔",105904447,"要不 你单独再发我一个试试看 "
"2014-11-03 16:26:24"," ","三叔",105904447,"也许是也bug "
"2014-11-03 16:26:50"," ","三叔",105904447,"偶发性？ "
"2014-11-03 16:27:09"," ","三叔",105904447,"或者我下周再试试 "
"2014-11-03 16:27:12"," ","推酷-kafka0102",756976004,"我找时间测试一下 是不是修改邮件头部能解决 "
"2014-11-03 16:28:09"," ","三叔",105904447,"如果你们没改发送机制的话，要么就是QQ邮箱那边的问题了 "
"2014-11-03 16:28:27"," ","三叔",105904447,"你们有空再给我发一次看看，如果还是乱码，就是QQ邮箱这边的问题 "
"2014-11-03 16:28:56"," ","推酷-kafka0102",756976004,"你着邮件正文排版似乎也错乱了。。。。 "
"2014-11-03 16:29:43"," ","三叔",105904447,"缩略图 "
"2014-11-03 16:29:44"," ","三叔",105904447,"[图片] "
"2014-11-03 16:29:54"," ","三叔",105904447,"那估计是QQ邮箱的解析的问题了 "
"2014-11-03 16:30:33"," ","推酷-kafka0102",756976004,"群发邮件各种被屏蔽啊 "
"2014-11-03 16:30:40"," ","三叔",105904447,"排版应该没有错乱。 "
"2014-11-03 16:30:50"," ","三叔",105904447,"我之前的排版格式也是这样 "
"2014-11-03 16:31:08"," ","推酷-kafka0102",756976004,"那个黑点不应该单独占一行的 "
"2014-11-03 16:31:43"," ","三叔",105904447,"e..我这边一直是占一行的。 "
"2014-11-03 16:31:52"," ","三叔",105904447,"其实我一直觉得也有点奇怪 "
"2014-11-03 16:32:01"," ","三叔",105904447,"会不会是因为我笔记本页面宽度问题 "
"2014-11-03 16:32:04"," ","推酷-kafka0102",756976004,"[图片]163的 "
"2014-11-03 16:32:16"," ","三叔",105904447,"[图片] "
"2014-11-03 16:32:38"," ","推酷-kafka0102",756976004,"应该是没自适应不同大小的屏幕  "
"2014-11-03 16:32:49"," ","三叔",105904447,"我的FF "
"2014-11-03 16:32:55"," ","三叔",105904447,"可能跟浏览器也有关系 "
"2014-11-03 16:34:47"," ","三叔",105904447,"嗯。兼容性 问题。。 "
"2014-11-03 16:34:49"," ","三叔",105904447,"chrome 好的 "
"2014-11-03 16:35:03"," ","三叔",105904447,"[图片] "
"2014-11-03 16:35:42"," ","三叔",105904447,"@推酷-kafka0102  你们是不是改过样式。。 "
"2014-11-03 16:35:56"," ","三叔",105904447,"上个月19-26号期间。 "
"2014-11-03 16:36:14"," ","三叔",105904447,"我19号的邮件用ff  样式正常的。。26号就不对了 "
"2014-11-03 16:36:46"," ","推酷-kafka0102",756976004,"代码从ruby迁移到java了 可能中间样式出了问题 这周会排查下  "
"2014-11-03 16:36:53"," ","三叔",105904447,"ok "
"2014-11-03 16:37:08"," ","三叔",105904447,"ruby 效率高哎 "
"2014-11-03 16:37:22"," ","三叔",105904447,"以前听说不少人用呢 "
"2014-11-03 16:38:19"," ","朋克猫",68486160,"迁到java对前端页面也有影响? "
"2014-11-03 16:38:53"," ","朋克猫",68486160,"直觉上是浏览器问题 "
"2014-11-03 16:39:11"," ","朋克猫",68486160,"清一下缓存试试? "
"2014-11-03 16:39:14"," ","推酷-kafka0102",756976004,"邮件的是单独一个页面模版 改的时候对样式做了些调整 没仔细测过 "
"2014-11-03 16:40:54"," ","三叔",105904447,"[图片] 正常，反正你们有空测下呗，不影响阅读 "
"2014-11-03 16:46:45"," ","朋克猫",68486160,"有个疑问. 推酷是更希望用户在推酷的站内完成阅读, 还是更希望推酷用户点击原地址跳过去阅读原文呢? "
"2014-11-03 16:55:09"," ","D調卡賓℡",15348015,"我好久都没收到一周拾遗了 难道账号异常？ "
"2014-11-03 16:56:24"," ","小酷007",2930242098,"可能被识别为垃圾邮件了吧 "
"2014-11-03 16:56:32"," ","小酷007",2930242098,"每周一必发的 "
"2014-11-05 11:04:32","活跃","朋克猫",68486160,"听说后台也转java了 "
"2014-11-05 11:04:54","潜水",835956687,835956687,"哦 楼主可否相告 "
"2014-11-05 11:05:11","活跃","朋克猫",68486160,"问群主 "
"2014-11-05 11:05:14","潜水",835956687,835956687,"我是学java的  asp.net 也接触   "
"2014-11-05 11:05:22","潜水",835956687,835956687,"现在想转Android "
"2014-11-05 11:05:49","潜水",835956687,835956687,"朋克猫是学什么的  "
"2014-11-05 11:06:02","活跃","朋克猫",68486160,"java为主 "
"2014-11-05 11:06:07","潜水",835956687,835956687,"哦 "
"2014-11-05 11:06:31","潜水",835956687,835956687,"[表情] "
"2014-11-05 11:06:41","活跃","朋克猫",68486160,"[表情] "
"2014-11-05 11:06:51","活跃","D調卡賓℡",15348015,"[表情] "
"2014-11-05 11:07:15","潜水",835956687,835956687,"[表情] "
"2014-11-05 11:09:00","活跃","朋克猫",68486160,"以后可以多多交流 "
"2014-11-05 11:09:17","潜水",835956687,835956687,"好  "
"2014-11-05 11:09:26","潜水",835956687,835956687,"我几乎天天在线d "
"2014-11-05 11:09:47","潜水","贱男的春天",343308590,"google搜索没有提示风险呢 "
"2014-11-05 11:10:24","活跃","朋克猫",68486160,"你翻墙搜的? "
"2014-11-05 11:10:35","潜水","贱男的春天",343308590,"改的hosts "
"2014-11-05 11:10:54","潜水","贱男的春天",343308590,"google搜索无压力 "
"2014-11-05 11:11:47","潜水",835956687,835956687,"吃饭先 "
"2014-11-05 12:33:38","潜水","栾银兰yolo",1745516741,"[图片] "
"2014-11-05 12:35:19","潜水","栾银兰yolo",1745516741,"中国也能用？不要翻墙？ "
"2014-11-05 12:43:51","潜水",835956687,835956687,"比 i6 还要贵 "
"2014-11-05 12:44:30","活跃","D調卡賓℡",15348015,"不要梯子不可能吧 "
"2014-11-05 12:46:44","活跃","I am panda",1154718748,"[图片] "
"2014-11-05 14:28:32"," ","系统消息",10000,"[图片] 【话唠】小酷007 分享文件 12:42:44 ""编程狂人第四十八期(2014-11-04).pdf"" 下载 "
"2014-11-05 14:51:14"," ",www.Hust.cc,642742669,"推酷是不是被人黑了，百度提示有危险 "
"2014-11-05 14:51:27"," ","小酷007",2930242098,"没被黑 "
"2014-11-05 14:52:15"," ",www.Hust.cc,642742669,"那是为什么啊 "
"2014-11-05 14:53:30"," ","D調卡賓℡",15348015,"http://www.tuicool.com/articles/m6rIzaI[图片][图片]老问题了 "
"2014-11-05 14:53:32"," ","小酷007",2930242098,"转载的文章中有垃圾文章 "
"2014-11-05 14:53:58"," ",www.Hust.cc,642742669,"好吧 "
"2014-11-05 14:53:59"," ","小酷007",2930242098,"已经和百度安全联盟交涉了，还没给撤销。 "
"2014-11-05 14:54:55"," ","小酷007",2930242098,"@D調卡賓℡ 收到反馈。 "
"2014-11-07 11:26:54"," ","三叔",105904447,"哈哈 "
"2014-11-07 11:27:06"," ","三叔",105904447,"有趣网站啊 "
"2014-11-07 11:27:09"," ","三叔",105904447,"看淘宝哎 "
"2014-11-07 11:27:19"," ","三叔",105904447,"www.taobao.com "
"2014-11-07 11:27:22"," ","三叔",105904447,"[表情] "
"2014-11-07 11:27:27"," ","朋克猫",68486160,"这是剁手的站 "
"2014-11-07 11:27:49"," ","D調卡賓℡",15348015,"三叔还捂着不少""有趣""的站 "
"2014-11-07 11:28:13"," ","三叔",105904447,"www.feizao.com "
"2014-11-07 11:28:26"," ","朋克猫",68486160,"[表情] "
"2014-11-07 11:28:33"," ","三叔",105904447,"[图片] "
"2014-11-07 11:28:44"," ","三叔",105904447,"原来中国有7K个梅西，只是不踢球而已 "
"2014-11-07 11:29:04"," ","三叔",105904447,"你们还有用 JIRA的啊 "
"2014-11-07 11:29:20"," ","朋克猫",68486160,"用过 "
"2014-11-07 12:06:48"," ",,77671236,"肥皂网 哈哈 "
"2014-11-07 13:38:16"," ",,1964667906,"http://xsyglasses.taobao.com/   新视野眼镜折扣店吾家愚弟，淘宝店。只要报“华工信元”，有不同程度的折扣。有需要眼镜的参考一下· "
"2014-11-07 14:09:07"," ","小酷007",2930242098,"已踢。 "
"2014-11-07 14:15:46"," ","王海葛-闻康集团",2355767443,"[表情] "
"2014-11-07 15:59:25","传说","三叔",105904447,"[吓尿了] "
"2014-11-07 16:00:26","传说","三叔",105904447,"这货是不是电脑中病毒了，发了广告- -  "
"2014-11-07 16:00:50","活跃","朋克猫",68486160,"可能真是他弟弟的淘宝.. "
"2014-11-07 16:01:00","传说","三叔",105904447,"[图片] "
"2014-11-07 16:01:39","活跃","朋克猫",68486160,"中毒发广告很少有用""吾家愚弟""这种词的.. "
"2014-11-07 16:05:03","传说","三叔",105904447,"[表情] "
"2014-11-07 16:22:22","潜水","怪木西西",2739939733,"有木有参加 周六活动的？线上聊三年 不如线下 见一面【本周深圳第三期微营销沙龙 来参加的有木有 有木有】http://mp.weixin.qq.com/s?__biz=MzA5NzIwNzEzMQ==&mid=200661369&idx=1&sn=7aeb2854354add8a9bff3594804b8c54#rd   "
"2014-11-10 17:28:30","吐槽",77671236,77671236,"推酷简洁 "
"2014-11-10 17:28:41","吐槽",77671236,77671236,"如果广告多起来了 也就没意思了 "
"2014-11-10 17:28:43","传说","推酷-kafka0102",756976004,"@三叔 邮件里没这个样式的 我暂且记下了 "
"2014-11-10 17:29:35","传说","推酷-kafka0102",756976004,"@Summer 抽取不是配模板的 一个规则比较复杂的程序做的 "
"2014-11-10 17:29:56","冒泡",Summer,93143412,"赞 "
"2014-11-10 17:30:46","传说","推酷-kafka0102",756976004,"@程序员Rendy 现在加了广告也是没法的事情 但前提还是不希望影响阅读 登陆后的体验会好于未登陆的 "
"2014-11-10 17:30:52","活跃","朋克猫",68486160,"有代码的页面我一般还是喜欢在源网页去看. "
"2014-11-10 17:31:27","传说","推酷-kafka0102",756976004,"代码这块的样式还是得原文好些 "
"2014-11-10 17:31:33","冒泡",Summer,93143412,"有颜色吗？ "
"2014-11-10 17:33:50","传说","推酷-kafka0102",756976004,"不同网站代码渲染方式不一样 我们这边展现上就不是很够 "
"2014-11-10 17:34:57","冒泡",Summer,93143412,"如果是放在pre下面的应该可以统一做 最怕自己写li控制换行之类的 "
"2014-11-10 17:35:58","传说","三叔",105904447,"好像是的 哦 "
"2014-11-10 17:36:01","传说","三叔",105904447,"我看看 "
"2014-11-10 17:36:03","传说","三叔",105904447,"怎么搞的 "
"2014-11-10 17:36:14","吐槽",77671236,77671236,"好的 @推酷-kafka0102  "
"2014-11-10 17:37:38","冒泡",Summer,93143412,"具体没试过 大概是在页面引用某个pre渲染的js 他可以在页面完成后帮你上色 斑马纹之类的 "
"2014-11-10 17:38:38","冒泡",Summer,93143412,"打开一个development.android 或者codeproject 看看他们用什么js "
"2014-11-10 17:40:11","传说","推酷-kafka0102",756976004,"我们现在用了一个代码识别的js但效果比较一般 "
"2014-11-10 17:41:26","传说","三叔",105904447,"有点偏差 "
"2014-11-10 17:41:30","传说","三叔",105904447,"我回家再看看吧。。 "
"2014-11-10 17:41:30","传说","三叔",105904447,"list-style: disc[图片][图片] "
"2014-11-10 17:41:39","传说","三叔",105904447,"今天不加班 先撤了~~[图片] "
"2014-11-10 17:41:40","传说","三叔",105904447,"@推酷-kafka0102  "
"2014-11-10 17:41:50","传说","三叔",105904447,"li加list-style: disc "
"2014-11-10 18:10:21","话唠","I am panda",1154718748,"上学中 "
"2014-11-10 22:58:51"," ","三叔",105904447,"快到12点的时候，默默下楼，拉个电闸，然后睡觉。。。Zzzzz "
"2014-11-10 22:59:00"," ","三叔",105904447,"[表情] 不要问我是谁，我是红领巾 "
"2014-11-10 23:20:07"," ","I am panda",1154718748,"哈哈 "
"2014-11-10 23:20:15"," ","I am panda",1154718748,"买东西剁手！ "
"2014-11-10 23:50:04"," ",JSer,1665907807,"都已经 加入购物车了 "
"2014-11-10 23:50:09"," ","I am panda",1154718748,"[图片] "
"2014-11-10 23:50:13"," ","I am panda",1154718748,"剁手中 "
"2014-11-10 23:50:14"," ",JSer,1665907807,"就准备 12点 下手 "
"2014-11-10 23:50:23"," ",JSer,1665907807,"989 的 南极人羽绒服  "
"2014-11-10 23:50:28"," ",JSer,1665907807,"234 怎么样？ "
"2014-11-10 23:50:38"," ","I am panda",1154718748,"便宜 "
"2014-11-10 23:50:40"," ",JSer,1665907807,"一个月 没有洗衣服 就为了 今天 "
"2014-11-10 23:50:41"," ","I am panda",1154718748,"太便宜了 "
"2014-11-10 23:50:47"," ",JSer,1665907807,"来吧 天猫 "
"2014-11-10 23:50:55"," ","I am panda",1154718748,"买买买 "
"2014-11-10 23:50:57"," ","I am panda",1154718748,"剁手 "
"2014-11-10 23:58:37"," ","三叔",105904447,"女人比较喜欢动物。。比如哈士奇，萨摩，还有小猫咪 "
"2014-11-10 23:58:42"," ","三叔",105904447,"当然最喜欢的还是天猫。。 "
"2014-11-11 0:01:08"," ","I am panda",1154718748,"[图片] "
"2014-11-11 0:01:09"," ","I am panda",1154718748,"。。。 "
"2014-11-11 0:03:11"," ","系统消息",10000,"Peter陳友斌加入本群 "
"2014-11-11 0:11:25"," ",JSer,1665907807,"天猫进不去了 "
"2014-11-11 0:12:42"," ","I am panda",1154718748,"崩溃了 "
"2014-11-11 0:13:49"," ","推酷-kafka0102",kafka0102@163.com,"擦 每年的双十一都会有些问题 架不住人多 "
"2014-11-11 0:17:15"," ","枔羽",61367498,"买东西匆匆忙忙，居然有件没货。。没买到。。就已提交了 "
"2014-11-11 0:18:49"," ","I am panda",1154718748,"。。。 "
"2014-11-11 0:19:01"," ","I am panda",1154718748,"就买了个小米手环 "
"2014-11-11 0:19:03"," ","I am panda",1154718748,"。。 "
"2014-11-11 0:23:18"," ","I am panda",1154718748,"3分钟，2014天猫1111购物狂欢节总成交额超10亿元！ 5分17秒，2014天猫1111购物狂欢节总成交额超20亿元！  14分零2秒，2014天猫1111购物狂欢节总成交额超50亿元！  "
"2014-11-11 0:23:42"," ","文迪_365",153636130,"难道真正有：500亿？ "
"2014-11-11 0:24:05"," ","I am panda",1154718748,"50。。 "
"2014-11-11 0:35:38"," ","了不起的柚子",286912264,"忽然想在上帝的面前 讨价还价，却又忽然 想不出 有什么需要增减， 未知的将来不改 也不改从前， 不改早，不改迟 不改近，不改远 不改悲喜，不改恩怨 不改一切，既定缘分 不改生命终有一天 是不完整的白天或黑夜 在上帝面前，其实无所求 我只笑着流泪，包括这泪 都属于原来，我一生不变 晚安，美好的人 2014-11-10 "
"2014-11-11 0:41:01"," ","‍",506162630,"晚安 "
"2014-11-11 0:42:15"," ","枔羽",61367498,"晚安。。 "
"2014-11-11 17:15:36","活跃","朋克猫",68486160,"哈哈 "
"2014-11-11 17:16:44","传说","三叔",105904447,"现在越来越发现 写文档比写代码还累 "
"2014-11-11 17:17:26","传说","三叔",105904447,"憋个文档真是累的一米 "
"2014-11-11 17:17:40","活跃","朋克猫",68486160,"文档是很郁闷 "
"2014-11-11 17:18:30","传说","三叔",105904447,"[图片] "
"2014-11-11 17:18:34","传说","三叔",105904447,"要搞CMMI "
"2014-11-11 17:18:48","传说","三叔",105904447,"感觉要回到学生时代 背书啊。。。坑人骗人的 "
"2014-11-11 17:19:01","活跃","朋克猫",68486160,"cmmi几啊 "
"2014-11-11 17:19:09","传说","三叔",105904447,"3 "
"2014-11-11 17:19:26","传说","三叔",105904447,"我负责酱油帮的酱油 "
"2014-11-11 17:19:29","传说","三叔",105904447,"听了下。。。 "
"2014-11-11 17:19:38","传说","三叔",105904447,"真是。。。我自己都觉得他们真能编 "
"2014-11-11 17:19:44","活跃","朋克猫",68486160,"那玩意在中国就是个形式主义 "
"2014-11-11 17:19:48","活跃","朋克猫",68486160,"不知道糊弄谁的 "
"2014-11-11 17:19:53","传说","三叔",105904447,"哈哈 "
"2014-11-11 17:20:00","传说","三叔",105904447,"来审核的是一个国外人。。 "
"2014-11-11 17:20:31","传说","三叔",105904447,"我听他的语气。。。他都感觉你们这作假作的也太 太太没技术含量了 "
"2014-11-11 17:21:31","活跃","朋克猫",68486160,"... 作假都被鄙视了 "
"2014-11-11 17:21:58","传说","三叔",105904447,"经历过的都懂的 "
"2014-11-11 17:23:51","活跃","朋克猫",68486160,"[表情]懂 "
"2014-11-11 17:24:54","传说","三叔",105904447,"哎。。明天又要开始忙了 "
"2014-11-11 17:25:32","活跃","朋克猫",68486160,"你们5点多还能下班, 我每天都得六七点 "
"2014-11-11 17:25:45","传说","三叔",105904447,"我今天要去锻炼身体 "
"2014-11-11 19:53:37","冒泡","高喊村",178058010,"[表情] "
"2014-11-11 19:53:49","冒泡","高喊村",178058010,"有时间锻炼身体好 "
"2014-11-12 12:02:10"," ","系统消息",10000,"冰岩加入本群 "
"2014-11-12 12:11:15"," ","程序员Rendy",77671236,"冰岩这个名字好听 "
"2014-11-12 12:12:08"," ","I am gtmax",835956687,"[表情] "
"2014-11-12 12:14:17"," ","I am gtmax",835956687,"[图片]400多人的群众居然有4位的昵称中  带个“冰”字 "
"2014-11-12 12:15:33"," ",IoT-Aaron,1527046208,"那我们名字因该都要加个冰字好了[表情] "
"2014-11-12 12:16:06"," ","I am gtmax",835956687,"我也有这种考虑 "
"2014-11-12 12:25:49"," ","冰烷",77671236,"改好了 @冰烷  "
"2014-11-12 12:26:57"," ","缘冰",835956687,"我也修改完了 "
"2014-11-12 12:28:18"," ","缘冰",835956687,"哪里需要帮忙我就去哪里，我就是缘冰（援兵） "
"2014-11-12 12:30:52"," ","冰烷",77671236,"[表情][表情][表情] "
"2014-11-12 12:31:01"," ","缘冰",835956687,"[表情] "
"2014-11-12 12:43:03"," ",Jerry.zhou,909802725,"[图片] "
"2014-11-12 13:00:40"," ","冰联",1527046208,"我也好啦 "
"2014-11-12 13:01:13"," ","缘冰",835956687,"有什么寓意没啊 "
"2014-11-12 13:02:10"," ","冰联",1527046208,"物联冷冰冰。 "
"2014-11-12 13:02:39"," ","缘冰",835956687,"[表情][表情] "
"2014-11-12 13:02:59"," ","冰联",1527046208,"你呢 "
"2014-11-12 13:03:07"," ","冰岩",375156656,"其实我10年前还想过取名""冰露"",现在不敢用了,我怕别人把我当矿泉水喝了. "
"2014-11-12 13:03:35"," ","缘冰",835956687,"[表情] "
"2014-11-12 13:03:52"," ","缘冰",835956687,"[图片] "
"2014-11-12 13:03:56"," ","冰联",1527046208,"85度C的冰盐咖啡我觉得蛮好喝的 "
"2014-11-12 13:04:24"," ","冰联",1527046208,"这样啊～～～援兵。取谐音～～BB "
"2014-11-12 13:06:04"," ","缘冰",835956687,"是啊是啊 "
"2014-11-12 14:07:52"," ","系统消息",10000,"遇见加入本群 "
"2014-11-12 14:34:00"," ","系统消息",10000,"踏浪星空加入本群 "
"2014-11-12 14:35:47"," ","踏浪星空",254139143,"http://www.yxkfw.com 很不错的游戏开发技术网站希望推酷能采集里面的啊。 "
"2014-11-12 14:38:21"," ","冰烷",77671236,"这个网站不错 "
"2014-11-12 14:38:31"," ","冰烷",77671236,"又可以学东西了 "
"2014-11-12 14:39:09"," ","踏浪星空",254139143,"学啥 "
"2014-11-12 14:39:42"," ","冰烷",77671236,"cocos2d "
"2014-11-12 14:40:08"," ","踏浪星空",254139143,"编程太累了 早点转换吧 "
"2014-11-12 14:41:28"," ","踏浪星空",254139143,"[表情]做了 5年游戏 加了5年班 "
"2014-11-12 14:41:42"," ","冰烷",77671236,"好吧 "
"2014-11-12 14:42:19"," ","冰烷",77671236,"互联网公司都是抢一个先机 比谁能先出产品 加班也是可以理解的 "
"2014-11-12 14:42:33"," ","冰烷",77671236,"不过烂项目加班就是悲剧了 "
"2014-11-12 14:43:58"," ","踏浪星空",254139143,"剥削劳动力的借口啊 "
"2014-11-12 14:44:16"," ","踏浪星空",254139143,"95%都是烂项目 "
"2014-11-12 14:44:47"," ","冰烷",77671236,"http://www.yxkfw.com/?p=11847 "
"2014-11-12 14:44:51"," ","冰烷",77671236,"这个我就很有兴趣啊 "
"2014-11-12 14:47:59"," ","踏浪星空",254139143,"不知道HTML5 8年了才完成 能火起来不 "
"2014-11-12 14:48:51"," ","朋克猫",68486160,"当然能火 "
"2014-11-12 14:49:40"," ","踏浪星空",254139143,"[表情] 手机浏览器不支持就火不起来啊 "
"2014-11-12 14:51:08"," ","朋克猫",68486160,"现在哪家浏览器不支持html5, 都是拼命支持 . "
"2014-11-12 14:53:05"," ","踏浪星空",254139143,"希望火起来 是手机版网页游戏了 "
"2014-11-12 16:14:08"," ","系统消息",10000,"Yan-加入本群 "
"2014-11-12 17:09:18"," ",hao,343308590,"有知道nginx配置多个location的吗location  /aaa {    proxy_pass http://ip:port/aaa;}location  /bbb{    proxy_pass http://ip:port/bbb;}这样配置不行吗? "
"2014-11-12 17:10:39"," ","冰烷",77671236,"问个ruby问题a+b 替换成 a\+b 怎么写 "
"2014-11-12 17:12:10"," ","冰烷",77671236,"[表情] "
"2014-11-12 17:12:25"," ","冰烷",77671236,"'a+b'.gsub(/\+/, '\\+')'a+b'.gsub(/\+/, '\\\+')都不行 "
"2014-11-12 17:50:36"," ",PHPthinking,541578455,"php的logo图标大全 http://bbs.phpthinking.com/forum.php?mod=viewthread&tid=161 "
"2014-11-12 17:50:51"," ","冰烷",77671236,"[表情] "
"2014-11-12 17:51:05"," ",PHPthinking,541578455,"[表情] "
"2014-11-12 17:51:44"," ","踏浪星空",254139143,"[表情] "
"2014-11-12 22:11:06"," ","系统消息",10000,"梦想变成现实加入本群 "
"2014-11-12 23:41:11"," ","梦想变成现实",376732787,"大家好，请教大家一个问题，大家帮帮忙啊 "
"2014-11-12 23:44:19"," ","梦想变成现实",376732787,"公司今天出了一个题，他是说在客户端使用安全浏览器的情况下，使用Burp suite怎样实现对指定域名访问的抓包啊 "
"2014-11-12 23:44:48"," ","冰烷",77671236,"不懂 "
"2014-11-12 23:45:26"," ","梦想变成现实",376732787,
"2014-11-13 8:58:19"," ","浙江-凌凌漆",1600855850,"冒泡，早安！[图片] "
"2014-11-13 8:58:37"," ","缘冰",835956687,"早安 "
"2014-11-13 9:03:49"," ",Jerry.zhou,909802725,"问一个问题啊，用syslog 连远程数据库，权限也有，但是一直连不上去，不知道什么原因 "
"2014-11-13 9:34:56"," ","云袭 ",965706663,"推酷安卓客户端离线下载有个问题 某些主题一直更新不了不知道为什么  推荐的和热门文章每次都是新的 下面的某几个主题一直是10月份的 点击离线下载不会更新到最新 下拉就可以更新到最新文章了  还是我理解的离线下载有误。。 "
"2014-11-13 9:40:58"," ","推酷-kafka0102",756976004,"你得重新下载需要更新的主题 离线的数据是单独的  "
"2014-11-13 9:56:48"," ","踏浪星空",254139143,"www.yxkfw.com 领导能收录下么 "
"2014-11-13 9:57:46"," ","小酷007",2930242098,"@踏浪星空 我们已经知道了，你也不至于到处发吧。 "
"2014-11-13 9:58:20"," ","踏浪星空",254139143,"好的 "
"2014-11-13 9:59:12"," ","小酷007",2930242098,"站点的原创文章多，更新频率高，我们会审度收录的。 "
"2014-11-13 10:00:08"," ","踏浪星空",254139143,"好的 每天都更新 大部分是原创 "
"2014-11-13 10:03:28"," ","冰岩",375156656,"[图片] "
"2014-11-13 10:04:13"," ","冰烷",77671236,"[表情] "
"2014-11-13 10:04:19"," ","冰联",1527046208,"[表情] "
"2014-11-13 10:05:06"," ","踏浪星空",254139143,"[图片] "
"2014-11-13 10:15:47"," ","系统消息",10000,"好盏鬼加入本群 "
"2014-11-13 12:04:51"," ","云袭 ",965706663,"重新下载需要更新的主题是怎么操作的 重新选中然后离线下载？ 这个不行 我试过 还是清空缓存数据 重新下载 ？ 或者进入离线数据 下拉更新？ "
"2014-11-13 15:16:42","传说","推酷-kafka0102",756976004,"重新下载应该就行的 我再测试下是否有bug "
"2014-11-13 18:35:48"," ","系统消息",10000,"Up...加入本群 "
"2014-11-14 0:01:40"," ","了不起的柚子",286912264,"我希望你 更喜爱冬季 喜欢河流停下来 藏起激流 而我们手握热茶 享受冰冻的空气 并盼着，飘落雪花 雪花在盼着融化 有雪照亮的屋子里 才能亮出最洁白的期待 我乐意劈开往事，当柴 你将成为夜的火种 不老的火焰，如此 才算开始，温暖冰封的江湖 晚安，美好的人 2014-11-13 "
"2014-11-14 0:02:30"," ","朋克猫",68486160,"我乐意劈开往事，当柴你将成为夜的火种当柴? "
"2014-11-14 0:02:46"," ","朋克猫",68486160,"是我乐意当柴禾的意思么.. "
"2014-11-14 0:09:01"," ","了不起的柚子",286912264,"是的 "
"2014-11-14 0:09:08"," ","了不起的柚子",286912264,"往事如烟，烧了算鸟 "
"2014-11-14 0:11:13"," ","朋克猫",68486160,"小屋壁炉 干柴烈火 茶烟氤氲 暧昧融融啊   "
"2014-11-14 0:17:16"," ","冰烷",77671236,"晚上都加班么 "
"2014-11-14 0:18:08"," ","朋克猫",68486160,"不加班 习惯1点睡觉而已 "
"2014-11-14 0:18:20"," ","冰烷",77671236,"在家加班 "
"2014-11-14 0:18:48"," ","朋克猫",68486160,"额.. 可以这么说吧 "
"2014-11-14 0:21:06"," ","了不起的柚子",286912264,"哈哈哈 "
"2014-11-14 0:21:07"," ","了不起的柚子",286912264,"晚安 "
"2014-11-14 0:21:23"," ","朋克猫",68486160,"晚安, 撸管的人. "
"2014-11-14 0:21:31"," ","了不起的柚子",286912264,"我去 "
"2014-11-14 0:21:35"," ","了不起的柚子",286912264,"[表情] "
"2014-11-14 0:21:42"," ","朋克猫",68486160,"[表情] "
"2014-11-14 7:41:27"," ","I am panda",1154718748,"[图片] "
"2014-11-14 7:41:32"," ","I am panda",1154718748,"[表情]早 "
"2014-11-14 8:56:24"," ",SOLO,524570375,"@小酷007，啥时候能把移动网页版的那个modal弹窗黑改一下啊 "
"2014-11-14 8:57:12"," ",SOLO,524570375,"每次收藏的时候都选不了推刊太不方便了！ "
"2014-11-14 9:19:23"," ","小酷007",2930242098,"@SOLO 请问你用的什么浏览器？ "
"2014-11-14 9:23:09"," ","推酷-kafka0102",756976004,"@SOLO 问题已记录 "
"2014-11-14 9:55:47"," ","I am panda",1154718748,"求内置浏览器。。 "
"2014-11-14 9:56:01"," ","I am panda",1154718748,"每次点击连接都会跳转好麻烦 "
"2014-11-14 9:56:20"," ","I am panda",1154718748,"内置浏览器还要有下载功能 "
"2014-11-14 9:57:39"," ","小酷007",2930242098,"你是指App中内置浏览器吗？ "
"2014-11-14 12:10:54"," ","I am panda",1154718748,"是的 "
"2014-11-14 12:11:09"," ","I am panda",1154718748,"内置了就不用跳转浏览器了吧 "
"2014-11-14 12:11:15"," ","I am panda",1154718748,"跳转太麻烦了 "
"2014-11-14 12:12:27"," ",Summer,93143412,"tuicool难道不是用浏览器控件来展示内容的吗 "
"2014-11-14 12:12:56"," ",Summer,93143412,"只要hook跳转事件就可以？ "
"2014-11-14 12:13:00"," ","I am panda",1154718748,"里面有下标的 "
"2014-11-14 12:13:07"," ","I am panda",1154718748,"或者下载源码 "
"2014-11-14 12:13:15"," ","I am panda",1154718748,"都是跳转浏览器不是吗？ "
"2014-11-14 12:15:15"," ",Summer,93143412,"我的理解是我们看到的推酷就是在浏览器中的 ，跳转到浏览器中不要用系统的 用推酷的 "
"2014-11-14 12:15:44"," ",Summer,93143412,"想zike 和 pocket应该都是这样的 "
"2014-11-14 12:19:56"," ","推酷-kafka0102",756976004,"@Summer 下个版本修改下看看 之前是想用内部跳转 但似乎有些页面的效果不好  "
"2014-11-14 12:21:44"," ",Summer,93143412,"以前自己写的一篇文章，也许有人会感兴趣 http://jbegin.com/post/e78e3_1372758 "
"2014-11-14 12:22:27"," ","I am panda",1154718748,"[图片] "
"2014-11-14 12:22:29"," ","I am panda",1154718748,"这是什么意思 "
"2014-11-14 12:22:36"," ","I am panda",1154718748,"免费的VS2013？ "
"2014-11-14 12:22:52"," ","I am panda",1154718748,"对我想说的就是这样- - "
"2014-11-14 12:23:07"," ","小酷007",2930242098,".Net开源了 "
"2014-11-14 12:23:08"," ","I am panda",1154718748,"跳转还是自己APP内置的好 "
"2014-11-14 12:23:19"," ","I am panda",1154718748,"开源了代表啥啊 "
"2014-11-14 12:23:26"," ","I am panda",1154718748,"好多人都在说这个 "
"2014-11-14 12:23:36"," ","I am panda",1154718748,"说JAVA会不会被吊打。。。 "
"2014-11-14 12:26:13"," ","冰烷",77671236,"dreamspark "
"2014-11-14 12:28:30"," ","I am panda",1154718748,"啥 "
"2014-11-14 12:29:44"," ",Summer,93143412,"开源其实不是最重要的 重要是免费并且跨平台 "
"2014-11-14 12:30:26"," ",Summer,93143412,"当然开源了让人更放心了 "
"2014-11-14 12:30:27"," ","I am panda",1154718748,"不懂正在谷歌中 "
"2014-11-14 12:35:39"," ","冰烷",77671236,"这个是你的lofter？ "
"2014-11-14 12:35:53"," ",Summer,93143412,"恩 "
"2014-11-14 12:42:03"," ","冰烷",77671236,"很漂亮 "
"2014-11-14 12:44:58"," ",Summer,93143412,"[表情] "
"2014-11-14 12:53:32"," ",Summer,93143412,"有人有同感吗？ 今日头条的推荐不够个性 "
"2014-11-14 12:58:41"," ",mellon,9795700,"嗯、 "
"2014-11-14 13:05:55"," ","行者宽",minyuanyang@qq.com,"这里都是 kafka 的人吗？ "
"2014-11-14 13:05:56"," ","行者宽",minyuanyang@qq.com,"好多人了。 "
"2014-11-14 14:04:36"," ","冰烷",77671236,"我要一张票 "
"2014-11-14 14:05:52"," ","小酷007",2930242098,"OK "
"2014-11-14 14:07:22"," ","朋克猫",68486160,"国家会议中心? 在鸟巢吗 "
"2014-11-14 14:07:35"," ",Jerry.zhou,909802725,"对的 "
"2014-11-14 14:07:47"," ",Jerry.zhou,909802725,"在鸟巢附近 "
"2014-11-14 14:07:56"," ","朋克猫",68486160,"高大上啊 "
"2014-11-14 14:08:14"," ","小酷007",2930242098,"不是国家会议中心，是国际会议中心，在鸟巢附近。 "
"2014-11-14 14:09:08"," ","小酷007",2930242098,"很多行业大牛参加哦 "
"2014-11-14 14:12:08"," ","朋克猫",68486160,"没空啊.. 无缘瞻仰了 "
"2014-11-14 14:44:56"," ","I am panda",1154718748,"不含惨卷。。 "
"2014-11-14 14:45:03"," ","I am panda",1154718748,"再说我也没路费 "
"2014-11-14 15:01:37"," ","凡人",45823611,"有拿站高手吗？付费拜师，真诚 "
"2014-11-14 15:12:14"," ","三叔",105904447,"最近北京空气质量如何啊 "
"2014-11-14 15:12:25"," ","朋克猫",68486160,"不错 "
"2014-11-14 15:12:32"," ","朋克猫",68486160,"今天天还是蓝的 "
"2014-11-14 15:16:02"," ","‍",506162630,"[图片] "
"2014-11-14 15:16:26"," ","三叔",105904447,"[图片] "
"2014-11-14 15:26:09"," ",Lollypo,812717031,"毕竟花了大力气 "
"2014-11-14 15:26:13"," ",Lollypo,812717031,"大本钱 "
"2014-11-14 15:44:50"," ","三叔",105904447,"APEC 期间 不是很多笑话么。。。 "
"2014-11-14 15:44:55"," ","I am panda",1154718748,"[图片] "
"2014-11-14 15:45:17"," ","三叔",105904447,"有英国记者说中国施工到一半停工了 以为没钱了。。看到交通不堵，破车多。。 "
"2014-11-14 15:45:27"," ","三叔",105904447,"有人吐槽，有本事APEC结束你别走 "
"2014-11-14 15:45:34"," ","三叔",105904447,"[表情] "
"2014-11-14 15:45:50"," ","朋克猫",68486160,"不谈政治. "
"2014-11-14 15:46:47"," ","I am panda",1154718748,"[图片] "
"2014-11-14 16:37:07"," ","三叔",105904447,"[图片]蛮转行了。 "
"2014-11-14 16:37:10"," ","三叔",105904447,"[表情] "
"2014-11-14 16:37:32"," ","三叔",105904447,"16张，一共10块钱，外面贴一张10块钱，转手就是150块钱 "
"2014-11-14 16:38:01"," ","小酷007",2930242098,"我也有这个转行打算 "
"2014-11-14 16:38:06"," ","小酷007",2930242098,"贴膜老挣钱了 "
"2014-11-14 16:38:27"," ","三叔",105904447,"各种月薪过W "
"2014-11-14 16:38:36"," ","三叔",105904447,"加不加班完全看心情  "
"2014-11-14 16:38:52"," ","三叔",105904447,"小板凳小桌子 一个LED 随身灯 几百张膜 "
"2014-11-14 16:39:03"," ","三叔",105904447,"这手艺杠杠的 "
"2014-11-14 16:39:04"," ","小酷007",2930242098,"边旅游，边贴膜。 "
"2014-11-14 16:39:12"," ","三叔",105904447,"[表情] 这注意不错 "
"2014-11-14 16:40:33"," ","小酷007",2930242098,"走起吧 "
"2014-11-14 16:40:44"," ","三叔",105904447,"来一次说走就走的旅行吧 "
"2014-11-14 16:40:47"," ","三叔",105904447,"我下个月去香港 "
"2014-11-14 16:40:49"," ","三叔",105904447,"试试看 "
"2014-11-14 16:41:01"," ","三叔",105904447,"[表情] "
"2014-11-14 16:41:09"," ","朋克猫",68486160,"真羡慕你们.. 说走就走啊 "
"2014-11-14 16:41:51"," ","三叔",105904447,"月底项目上线了 "
"2014-11-14 16:41:58"," ","三叔",105904447,"出去溜达溜达哎 "
"2014-11-14 16:42:14"," ","朋克猫",68486160,"奖金没少拿啊 "
"2014-11-14 16:42:23"," ","三叔",105904447,"没有奖金 "
"2014-11-14 16:42:26"," ","三叔",105904447,"死工资 "
"2014-11-14 16:42:40"," ","朋克猫",68486160,"项目上线 还不给点钱 "
"2014-11-14 16:43:02"," ","三叔",105904447,"哪有钱。。。都是领导的。 "
"2014-11-14 16:46:11"," ","冰烷",77671236,"[表情] "
"2014-11-14 16:46:24"," ","小酷007",2930242098,"嗯，还是贴膜有前途，给自己打工。 "
"2014-11-14 16:46:38","活跃","冰烷",77671236,"哈哈哈哈哈 "
"2014-11-14 16:47:00","话唠","小酷007",2930242098,"[表情] "
"2014-11-14 16:47:50","传说","三叔",105904447,"仔细想想 ，还真赚 "
"2014-11-14 16:48:11","传说","三叔",105904447,"以后就是白天的工作是兼职，晚上的工作是主业了。 "
"2014-11-14 16:48:46","话唠","小酷007",2930242098,"其实，乞讨更赚。 "
"2014-11-14 16:48:56","传说","三叔",105904447,"[表情] "
"2014-11-14 16:49:04","话唠","小酷007",2930242098,"[表情] "
"2014-11-14 16:49:36","传说","三叔",105904447,"南京地铁里面还有各种收报纸的老爷爷跟老奶奶。。 "
"2014-11-14 16:49:50","传说","三叔",105904447,"那天看到一个老奶奶背着gucci ，我也不晓得真的假的。。 "
"2014-11-14 16:49:54","传说","三叔",105904447,"顿时感觉也很高大上啊 "
"2014-11-14 16:50:39","话唠","小酷007",2930242098,"儿媳妇不用了，老奶奶用。 "
"2014-11-14 16:52:15","传说","三叔",105904447,"哈哈，爸爸乞讨，妈妈收报纸，儿子贴膜 "
"2014-11-14 16:52:25","传说","三叔",105904447,"月收入估计至少要10W以上吧 "
"2014-11-14 16:52:36","传说","三叔",105904447,"关键还不要缴税。。 "
"2014-11-14 16:53:33","话唠","小酷007",2930242098,"Bingo. "
"2014-11-14 16:56:19","活跃","冰烷",77671236,"活得好幸福啊 "
"2014-11-14 16:56:21","活跃","冰烷",77671236,"这么多 "
"2014-11-14 16:59:17","传说","三叔",105904447,"该醒醒 敲代码了 "
"2014-11-14 16:59:24","传说","三叔",105904447,"我今天被一个mybatis 的错误 折腾死了 "
"2014-11-14 16:59:35","传说","三叔",105904447,"至今没有解决。。我就蛋疼死了 "
"2014-11-14 17:00:21","传说","三叔",105904447,"[图片] "
"2014-11-14 17:01:37","话唠","小酷007",2930242098,"贴贴膜，找找灵感。 "
"2014-11-14 17:01:56","传说","三叔",105904447," [图片] "
"2014-11-14 17:02:00","传说","三叔",105904447,"good idea "
"2014-11-14 17:03:45","潜水","无为",content@kilvn.com,"[图片] "
"2014-11-14 17:15:29","话唠","小酷007",2930242098,
"2014-11-14 17:41:27"," ","系统消息",10000,"晴天加入本群 "
"2014-11-14 23:22:00"," ","高喊村",178058010,"[表情] "
"2014-11-15 0:29:33"," ","了不起的柚子",286912264,"当今是0和1的时代 99分＝-1分 100分＝0分 101分＝1分 或许还是 Nothing 与Everything的世界 晚安，创业的人 2014-11-14 "
"2014-11-15 9:59:16"," ","云袭 ",965706663,"离线试了试还是不能更新到最新的 某个栏目离线是10月份的数据 进入离线下载 勾选这个栏目 开始离线 提示成功后 点开还是10月份的数据 下拉就可以更新到最新的11月份的 "
"2014-11-15 10:00:05"," ","云袭 ",965706663,"离线的意思是不是把已经存在的新闻列表缓存到本地 而不是去更新最新的新闻同步到本地？ "
"2014-11-15 10:01:58"," ","云袭 ",965706663,"早上还发现安卓客户端一个体验的问题 现在主题和站点都有管理功能 也就意味着可以自己决定优先级 但是进入离线频道会发现 排列的顺序是这样的 前面两个是推荐和热门 然后是主题 之后是站点 但是主题和站点不是按照订阅管理里的顺序的 而是倒叙的 是不是做成和管理一致的顺序体验好一些  "
"2014-11-15 10:02:16"," ","云袭 ",965706663,"另外主题和站点的离线是不是考虑分组 如果一多列表太长了。。 "
"2014-11-15 13:10:35"," ","推酷-kafka0102",756976004,"离线的更新确实有bug 这个应该是前两版修改了存储列表方式不一致造成的 下周看来需要发个版本了 "
"2014-11-15 13:12:54"," ","推酷-kafka0102",756976004,"主题和站点这块后续会加上分组功能 和网站一致 并且可以得到最新的更新时间以便更灵活的排序 所以 订阅频道后续应该是有三种排序方式：1）自定义2）更新时间2）推荐排序方式（主要基于阅读情况） 但这些功能需要后端配合 开发节奏上不会太快  "
"2014-11-15 13:13:33"," ","推酷-kafka0102",756976004,"离线的分组排序有些问题复杂化了 但也确实可以改进 让常阅读的内容排到前面  "
"2014-11-15 14:51:03"," ","云袭 ",965706663,"[表情] "
"2014-11-15 19:16:38"," ","栾银兰yolo",1745516741,"我记得以前有个十篇精选2012年IT年终总结，我现在想找这写文章。有谁知道的？ "
"2014-11-15 19:49:11"," ","了不起的柚子",286912264,"许多人的所谓成熟，不过是被习俗磨去了棱角，变得世故而实际了，那不是成熟。真正的成熟，应当是独特个性的形成，真实自我的发现，精神上的结果和丰收。——尼采 "
"2014-11-15 19:57:52"," ","栾银兰yolo",1745516741,"所以最后尼采变成神经病鸟[图片] "
"2014-11-15 20:27:03"," ",PHPthinking,541578455,"PHP开发学习门户推荐热门文章第一期http://bbs.phpthinking.com/forum.php?mod=viewthread&tid=164 "
"2014-11-16 0:04:49"," ",鸿,1712160273,"大牛们。帮我写个函数 "
"2014-11-16 0:04:59"," ",鸿,1712160273,"取出 一段文字的第一句话，句号结束。  "
"2014-11-16 0:05:07"," ",鸿,1712160273,"多谢a "
"2014-11-16 0:05:27"," ",鸿,1712160273,"汲汲 "
"2014-11-16 0:05:32"," ",鸿,1712160273,"急 "
"2014-11-16 0:05:57"," ","冰烷",77671236,"什么语言 "
"2014-11-16 0:06:02"," ",鸿,1712160273,"php "
"2014-11-16 0:06:31"," ",鸿,1712160273,"好郁闷啊。被卡住了，我弄了个wordpress模板， "
"2014-11-16 0:06:45"," ",鸿,1712160273,"我想取出 一段文字的第一句话，句号结束。 "
"2014-11-16 0:07:46"," ","冰烷",77671236,"你怎么写的？ 测试下不就知道怎么改了 "
"2014-11-16 0:08:15"," ",鸿,1712160273,"没见过这个函数。 "
"2014-11-16 0:09:08"," ","冰烷",77671236,"http://www.w3school.com.cn/php/func_string_stripos.asp "
"2014-11-16 0:11:21"," ","了不起的柚子",286912264,"别去责怪迟迟未红的树叶 秋天已渐行渐远， 冬天不需要名片 问问那些夜晚久久不睡的人 他们可能最会疼时光，问问他们心里 是不是还怀着倔强的春天 别去责怪迟迟未红的树叶 良辰并不短，太长的时间 允许不够直白的思念 看啊，那些树叶红透后 的确铺满一轮金秋 却还有一些，渴望留在树梢 留着最后一片不凋的希望， 挂满整个冬天 晚安，美好的人 2014-11-15 "
"2014-11-16 0:12:09"," ",Jerry.zhou,909802725,"你是要匹配中文的句号还是英文的点号呢 "
"2014-11-16 0:12:50"," ",鸿,1712160273,"中文的。 "
"2014-11-16 0:13:26"," ",鸿,1712160273,"需要正则表达式？ "
"2014-11-16 0:13:44"," ",Jerry.zhou,909802725,"必须不需要啊 "
"2014-11-16 0:15:15"," ","冰烷",77671236,"\r\n "
"2014-11-16 0:15:19"," ",鸿,1712160273,"那个中文句号  如何弄啊 "
"2014-11-16 0:16:11"," ","冰烷",77671236,"'。' "
"2014-11-16 0:16:27"," ","冰烷",77671236,"UTF-8 你就代码里写 "
"2014-11-16 0:16:38"," ",鸿,1712160273,"？咋写 "
"2014-11-16 0:16:45"," ",鸿,1712160273,"肯定utf-8了 "
"2014-11-16 0:16:59"," ",Jerry.zhou,909802725,"你不会嘛？ "
"2014-11-16 0:17:22"," ",鸿,1712160273,"如何定位到句号啊，中文句号。 "
"2014-11-16 0:17:50"," ",Jerry.zhou,909802725,"mb_substr mb_strpos "
"2014-11-16 0:17:58"," ",Jerry.zhou,909802725,"自己看这两个函数吧 "
"2014-11-16 0:21:23"," ",鸿,1712160273,"多谢。看了 "
"2014-11-16 23:31:50"," ",Studio_,1004305678,"怎么可以过滤一些垃圾 文章  比如说广告 或者是一些没营养的话题 "
"2014-11-16 23:32:40"," ",Yan-,1127298625,"应该有那种软件吧 "
"2014-11-16 23:34:36"," ",Lollypo,812717031,"爬虫 "
"2014-11-16 23:36:24"," ",Yan-,1127298625,"[表情] "
"2014-11-16 23:36:37"," ","高喊村",178058010,"[表情] "
"2014-11-17 8:26:45"," ","I am panda",1154718748,"访问被拒绝→_→ "
"2014-11-17 8:26:45"," ","I am panda",1154718748,"最后更新在10号 "
"2014-11-17 8:26:49"," ","I am panda",1154718748,"什么情况 "
"2014-11-17 9:04:14"," ","推酷-kafka0102",756976004,"重新登陆或卸载重装 "
"2014-11-17 9:04:37"," ","I am panda",1154718748,"哦 "
"2014-11-17 9:04:41"," ","I am panda",1154718748,"了解 "
"2014-11-17 15:28:40"," ","三叔",105904447,"@推酷-kafka0102  推给QQ邮箱的又出问题了 - -  [图片] "
"2014-11-17 15:33:01"," ","小酷007",2930242098,"@三叔 收到。 "
"2014-11-17 15:33:22"," ","三叔",105904447,"ok..反正不影响我阅读 "
"2014-11-17 15:33:27"," ","三叔",105904447,"[表情] "
"2014-11-17 15:35:46"," ","小酷007",2930242098,"@三叔 每期必看啊。 "
"2014-11-17 15:36:31"," ","冰烷",77671236,"我也看的 "
"2014-11-17 15:37:48"," ","小酷007",2930242098,"[表情] "
"2014-11-17 15:40:28"," ","忘乎所以",281565674,"必看呐  推酷还是很精彩的 "
"2014-11-17 15:40:56"," ","小酷007",2930242098,"[表情] "
"2014-11-17 15:59:31"," ","云袭 ",965706663,"个人中心改版啦 好看多了 "
"2014-11-17 16:00:17"," ","小酷007",2930242098,"[表情] "
"2014-11-17 16:00:19"," ","云袭 ",965706663,"能支持推刊和收藏的检索吗 这个不知道有没有提过。 "
"2014-11-17 16:02:41"," ","小酷007",2930242098,"这个以后会做的 "
"2014-11-17 16:09:07"," ","三叔",105904447,"现在真是什么都懒的动了，搞了爱疯，这个月50个G的 4G流量，都不知道干嘛。。 "
"2014-11-17 16:09:44"," ","流动的水",1187540314,"本来也用不了那么多 "
"2014-11-17 16:09:49"," ","朋克猫",68486160,"看片儿 "
"2014-11-17 16:10:02"," ","冰烷",77671236,"50G的4G流量？ "
"2014-11-17 16:10:11"," ","冰烷",77671236,"促销装吗 "
"2014-11-17 16:11:45"," ","小酷007",2930242098,"关键是4G有信号吗？@三叔  "
"2014-11-17 16:11:51"," ","小酷007",2930242098,"[表情] "
"2014-11-17 16:14:53","传说","三叔",105904447,"有啊 "
"2014-11-17 16:14:59","传说","三叔",105904447,"我现在走的每一个地方都有4G "
"2014-11-17 16:15:03","传说","三叔",105904447,"包括厕所 "
"2014-11-17 16:15:08","话唠","小酷007",2930242098,"好吧 "
"2014-11-17 16:15:17","话唠","小酷007",2930242098,"南京果然棒 "
"2014-11-17 16:15:32","传说","三叔",105904447,"[表情] 要跟北京呼应啊 "
"2014-11-17 16:15:39","传说","三叔",105904447,"不然哪里敢叫 南京 "
"2014-11-17 16:38:58","活跃","冰烷",77671236,"现在手机扫描二维码 分享到朋友圈都需要登陆了 "
"2014-11-17 16:39:09","活跃","冰烷",77671236,"这还怎么分享 "
"2014-11-17 16:39:50","话唠","小酷007",2930242098,"@冰烷 分享什么啊、 "
"2014-11-17 16:40:11","活跃","冰烷",77671236,"http://www.tuicool.com/articles/Qzq26jQ "
"2014-11-17 16:40:33","活跃","冰烷",77671236,"分享到微信朋友圈 结果发现需要登录 "
"2014-11-17 16:45:16","话唠","小酷007",2930242098,"收到反馈 "
"2014-11-17 16:45:23","话唠","小酷007",2930242098,"这篇文章确实有问题 "
"2014-11-17 16:45:28","话唠","小酷007",2930242098,"其他的文章没有问题 "
"2014-11-17 16:45:35","活跃","冰烷",77671236,"恩 "
"2014-11-17 16:49:05","话唠","小酷007",2930242098,"@冰烷 是个bug，今天修复。 "
"2014-11-17 16:52:54","活跃","冰烷",77671236,"感谢 "
"2014-11-17 16:53:26","话唠","小酷007",2930242098,"是我们的问题啦 "
"2014-11-17 16:53:30","潜水",1187540314,1187540314,"都是为了产品更好 应该互相感谢  "
"2014-11-17 16:53:33","潜水",1187540314,1187540314,"[表情] "
"2014-11-17 16:54:01","话唠","小酷007",2930242098,"[表情] "
"2014-11-18 0:25:21","吐槽","网名不要太长像我这样就行",806243756,"群里的这个Google全球版可以翻墙吗 "
"2014-11-18 2:44:22","活跃","了不起的柚子",286912264,"晚安 "
"2014-11-18 8:12:10","话唠","I am panda",1154718748,"可以 "
"2014-11-18 10:30:06"," ",SOLO,524570375,"电脑上站点的时间轴上为啥不显示年只显示月和日？ "
"2014-11-18 10:31:35"," ",SOLO,524570375,"比如你猜这个是哪一年的文章？ "
"2014-11-18 10:31:36"," ",SOLO,524570375,"[图片] "
"2014-11-18 10:32:05"," ","朋克猫",68486160,"我猜是去年的. "
"2014-11-18 10:38:00"," ",SOLO,524570375,"2012年的 "
"2014-11-18 10:40:27"," ","朋克猫",68486160,"一般来说, 本年的可以省略年份. 其他年代的不应该省略了. 这的确是个问题. "
"2014-11-18 10:41:09"," ",SOLO,524570375,"其实也不是啥大问题 "
"2014-11-18 10:41:29"," ","朋克猫",68486160,"对于完美主义者来说, 是个很难受的问题. "
"2014-11-18 10:42:03"," ","朋克猫",68486160,"而且有时候看技术文章确实需要清楚是那年发表的, 当时的技术背景是什么. "
"2014-11-18 10:43:11"," ",SOLO,524570375,"@朋克猫 那你给改一下喽[表情] "
"2014-11-18 10:43:40"," ","朋克猫",68486160,"我不是推酷的.  "
"2014-11-18 10:47:51"," ","推酷-kafka0102",756976004,"@朋克猫 问题已记录撒 近期修改 "
"2014-11-18 10:48:44"," ",SOLO,524570375,"[表情] "
"2014-11-18 10:48:54"," ",SOLO,524570375,"效率杠杠的 "
